record_id,service_category,applicant_name,state,city,document_id,driving_license_no,aadhaar_card_no,pan_number,issue_year,document_status,ocr_name_match,ocr_date_match,document_quality_score,fraud_risk_score,verification_result,is_synthetic
SYN-0001,Driver's Licence (Sarathi/RTO),TEST PERSON 001,Maharashtra,Pune,FAKE-DL-00010,TEST-DL-000001,900000000001,BICYN0001I,2025,VALID,0,0,0.7,0.11,FAIL,True
SYN-0002,Revenue & Income Certificate,TEST PERSON 002,Delhi,Nashik,FAKE-REV-00002,TEST-DL-000002,900000000002,DBMRR0002K,2020,VALID,0,0,0.73,0.58,FAIL,True
SYN-0003,Domicile & Civil Registry,TEST PERSON 003,Delhi,Nashik,FAKE-DOM-00003,TEST-DL-000003,900000000003,KBFEK0003R,2021,EXPIRED,1,0,0.91,0.16,MANUAL_REVIEW,True
SYN-0004,Caste & Affirmative Action,TEST PERSON 004,Gujarat,Mumbai,FAKE-CAS-00004,TEST-DL-000004,900000000004,KWHFA0004N,2021,VALID,0,0,0.78,0.35,PASS,True
SYN-0005,Driver's Licence (Sarathi/RTO),TEST PERSON 005,Gujarat,Jaipur,FAKE-DL-00016,TEST-DL-000005,900000000005,YCTMC0005A,2020,EXPIRED,0,1,0.68,0.29,FAIL,True
SYN-0006,Driver's Licence (Sarathi/RTO),TEST PERSON 006,Gujarat,Bengaluru,FAKE-DRI-00006,TEST-DL-000006,900000000006,KXODB0006C,2021,VALID,0,0,0.91,0.94,PASS,True
SYN-0007,Driver's Licence (Sarathi/RTO),TEST PERSON 007,Maharashtra,Nashik,FAKE-DRI-0007,TEST-DL-000007,900000000007,VEEZA0007J,2022,EXPIRED,1,0,0.78,0.21,PASS,True
SYN-0008,Direct Benefit Pension Verification,TEST PERSON 008,Maharashtra,Bengaluru,FAKE-DIR-00008,TEST-DL-000008,900000000008,NSPIP0008B,2025,VALID,0,0,0.81,0.26,FAIL,True
SYN-0009,Domicile & Civil Registry,TEST PERSON 009,Gujarat,Jaipur,FAKE-DOM-00009,TEST-DL-000009,900000000009,YJKQZ0009P,2026,VALID,0,0,0.92,0.39,PASS,True
SYN-0010,Domicile & Civil Registry,TEST PERSON 010,Delhi,Ahmedabad,FAKE-DOM-00010,TEST-DL-000010,90000000010,GTUQS0010Z,2022,VALID,1,1,0.95,0.61,PASS,True
SYN-0011,Driver's Licence (Sarathi/RTO),TEST PERSON 011,Karnataka,Mumbai,FAKE-DL-00009,TEST-DL-000011,900000000011,KAMYU0011Q,2025,FLAGGED,1,1,0.96,0.39,PASS,True
SYN-0012,Domicile & Civil Registry,TEST PERSON 012,Delhi,Nashik,FAKE-DOM-00012,TEST-DL-000012,900000000012,NVRUZ0012V,2020,VALID,0,0,0.86,0.75,MANUAL_REVIEW,True
SYN-0013,Driver's Licence (Sarathi/RTO),TEST PERSON 013,Maharashtra,Nashik,FAKE-DL-00019,TEST-DL-000013,900000000013,TPQVN0013L,2023,FLAGGED,1,1,0.98,0.82,PASS,True
SYN-0014,Direct Benefit Pension Verification,TEST PERSON 014,Maharashtra,Ahmedabad,FAKE-DIR-00014,TEST-DL-000014,900000000014,QBYUF0014X,2024,VALID,1,0,0.75,0.16,PASS,True
SYN-0015,Direct Benefit Pension Verification,TEST PERSON 015,Gujarat,Bengaluru,FAKE-DIR-00015,TEST-DL-000015,900000000015,CPVIF0015K,2026,VALID,0,1,0.94,0.49,PASS,True
SYN-0016,Domicile & Civil Registry,TEST PERSON 016,Gujarat,Jaipur,FAKE-DOM-00016,TEST-DL-000016,900000000016,KRMCX0016O,2021,FLAGGED,0,1,0.82,0.12,PASS,True
SYN-0017,Driver's Licence (Sarathi/RTO),TEST PERSON 017,Gujarat,Mumbai,FAKE-DRI-00017,TEST-DL-000017,900000000017,MSYKA0017G,2020,VALID,0,0,0.9,0.78,FAIL,True
SYN-0018,Driver's Licence (Sarathi/RTO),TEST PERSON 018,Karnataka,Mumbai,FAKE-DRI-00018,TEST-DL-000018,900000000018,SCULA0018L,2025,EXPIRED,0,1,0.83,0.58,PASS,True
SYN-0019,Driver's Licence (Sarathi/RTO),TEST PERSON 019,Karnataka,Ahmedabad,FAKE-DL-00011,TEST-DL-000019,900000000019,HMRQX0019B,2022,EXPIRED,1,1,0.96,0.43,PASS,True
SYN-0020,Domicile & Civil Registry,TEST PERSON 020,Maharashtra,Nagpur,FAKE-DOM-00020,TEST-DL-000020,900000000020,UJPYU0020X,2020,FLAGGED,0,0,0.65,0.68,PASS,True
SYN-0021,Domicile & Civil Registry,TEST PERSON 021,Maharashtra,Pune,FAKE-DOM-00021,TEST-DL-000021,900000000021,HRPFE0021R,2026,VALID,0,0,0.74,0.47,FAIL,True
SYN-0022,Domicile & Civil Registry,TEST PERSON 022,Delhi,Bengaluru,FAKE-DOM-00022,TEST-DL-000022,900000000022,OMYOB0022A,2023,VALID,1,1,0.71,0.1,MANUAL_REVIEW,True
SYN-0023,Driver's Licence (Sarathi/RTO),TEST PERSON 023,Rajasthan,Nashik,FAKE-DL-00007,TEST-DL-000023,900000000023,EOGAI0023Z,2023,VALID,0,0,0.79,0.33,PASS,True
SYN-0024,Domicile & Civil Registry,TEST PERSON 024,Karnataka,Mumbai,FAKE-DOM-00024,TEST-DL-000024,900000000024,LVINU0024N,2024,EXPIRED,0,1,0.71,0.44,PASS,True
SYN-0025,Land Registry Title Deed,TEST PERSON 025,Delhi,Pune,FAKE-LAN-00025,TEST-DL-000025,900000000025,ADTCQ0025L,2020,FLAGGED,0,0,0.96,0.81,PASS,True
SYN-0026,Land Registry Title Deed,TEST PERSON 026,Rajasthan,Nashik,FAKE-LAN-00026,TEST-DL-000026,900000000026,WCCNA0026Z,2021,EXPIRED,0,0,0.78,0.94,PASS,True
SYN-0027,Driver's Licence (Sarathi/RTO),TEST PERSON 027,Rajasthan,Nagpur,FAKE-DL-00023,TEST-DL-000027,900000000027,RMCRW0027U,2023,FLAGGED,1,0,0.71,0.21,PASS,True
SYN-0028,Municipal Business & Trade License,TEST PERSON 028,Delhi,Pune,FAKE-MUN-00028,TEST-DL-000028,900000000028,MAKIP0028B,2025,VALID,0,0,0.85,0.48,FAIL,True
SYN-0029,Domicile & Civil Registry,TEST PERSON 029,Maharashtra,Bengaluru,FAKE-DOM-00029,TEST-DL-000029,900000000029,YRKNL0029A,2020,VALID,0,0,0.88,0.23,PASS,True
SYN-0030,Municipal Business & Trade License,TEST PERSON 030,Karnataka,Bengaluru,FAKE-MUN-00030,TEST-DL-000030,900000000030,UUFNC0030W,2024,VALID,0,1,0.87,0.54,PASS,True
SYN-0031,Driver's Licence (Sarathi/RTO),TEST PERSON 031,Karnataka,Ahmedabad,FAKE-DL-00012,TEST-DL-000031,900000000031,VELVH0031X,2025,VALID,0,1,0.78,0.64,PASS,True
SYN-0032,Driver's Licence (Sarathi/RTO),TEST PERSON 032,Gujarat,Jaipur,FAKE-DL-00020,TEST-DL-000032,900000000032,CUBYQ0032M,2020,VALID,1,0,0.67,0.21,PASS,True
SYN-0033,Domicile & Civil Registry,TEST PERSON 033,Gujarat,Pune,FAKE-DOM-00033,TEST-DL-000033,900000000033,RJEUY0033J,2021,VALID,1,0,0.8,0.52,PASS,True
SYN-0034,Driver's Licence (Sarathi/RTO),TEST PERSON 034,Delhi,Pune,FAKE-DL-00014,TEST-DL-000034,900000000034,YMLER0034K,2025,FLAGGED,1,0,0.97,0.14,PASS,True
SYN-0035,Revenue & Income Certificate,TEST PERSON 035,Delhi,Mumbai,FAKE-REV-00035,TEST-DL-000035,900000000035,QDUFZ0035S,2022,VALID,0,1,0.72,0.61,PASS,True
SYN-0036,Municipal Business & Trade License,TEST PERSON 036,Rajasthan,Nagpur,FAKE-MUN-00036,TEST-DL-000036,900000000036,MNBXE0036O,2026,VALID,0,1,0.93,0.05,PASS,True
SYN-0037,Driver's Licence (Sarathi/RTO),TEST PERSON 037,Karnataka,Ahmedabad,FAKE-DRI-00037,TEST-DL-000037,900000000037,VALOX0037X,2022,VALID,1,1,0.84,0.12,PASS,True
SYN-0038,Municipal Business & Trade License,TEST PERSON 038,Maharashtra,Jaipur,FAKE-MUN-00038,TEST-DL-000038,900000000038,XWVOJ0038N,2022,FLAGGED,0,1,0.69,0.3,PASS,True
SYN-0039,Caste & Affirmative Action,TEST PERSON 039,Karnataka,Ahmedabad,FAKE-CAS-00039,TEST-DL-000039,900000000039,ZYAFQ0039K,2021,VALID,1,1,0.98,0.71,PASS,True
SYN-0040,Driver's Licence (Sarathi/RTO),TEST PERSON 040,Karnataka,Jaipur,FAKE-DL-00006,TEST-DL-000040,900000000040,QQREK0040Q,2026,VALID,1,0,0.71,0.88,MANUAL_REVIEW,True
SYN-0041,Driver's Licence (Sarathi/RTO),TEST PERSON 041,Karnataka,Nagpur,FAKE-DRI-00041,TEST-DL-000041,900000000041,DRXLH0041S,2021,VALID,1,0,0.94,0.22,MANUAL_REVIEW,True
SYN-0042,Caste & Affirmative Action,TEST PERSON 042,Gujarat,Jaipur,FAKE-CAS-00042,TEST-DL-000042,900000000042,KCIQH0042G,2026,VALID,0,0,0.87,0.38,PASS,True
SYN-0043,Driver's Licence (Sarathi/RTO),TEST PERSON 043,Maharashtra,Jaipur,FAKE-DL-00024,TEST-DL-000043,900000000043,KIMBQ0043C,2022,VALID,1,1,0.97,0.12,PASS,True
SYN-0044,Domicile & Civil Registry,TEST PERSON 044,Delhi,Nagpur,FAKE-DOM-00044,TEST-DL-000044,900000000044,GQGYA0044G,2020,VALID,1,1,0.9,0.3,FAIL,True
SYN-0045,Driver's Licence (Sarathi/RTO),TEST PERSON 045,Maharashtra,Nashik,FAKE-DL-00005,TEST-DL-000045,900000000045,ISHCT0045K,2024,VALID,1,0,0.89,0.01,FAIL,True
SYN-0046,Driver's Licence (Sarathi/RTO),TEST PERSON 046,Karnataka,Nagpur,FAKE-DL-00004,TEST-DL-000046,900000000046,CKRRE0046Z,2023,VALID,1,1,0.88,0.13,PASS,True
SYN-0047,Municipal Business & Trade License,TEST PERSON 047,Gujarat,Ahmedabad,FAKE-MUN-00047,TEST-DL-000047,900000000047,REZPP0047X,2023,VALID,1,1,0.84,0.19,MANUAL_REVIEW,True
SYN-0048,Direct Benefit Pension Verification,TEST PERSON 048,Karnataka,Bengaluru,FAKE-DIR-00048,TEST-DL-000048,900000000048,MYAIW0048S,2024,VALID,1,0,0.75,0.21,FAIL,True
SYN-0049,Municipal Business & Trade License,TEST PERSON 049,Gujarat,Nashik,FAKE-MUN-00049,TEST-DL-000049,900000000049,PKMHQ0049E,2023,EXPIRED,0,1,0.92,0.91,PASS,True
SYN-0050,Direct Benefit Pension Verification,TEST PERSON 050,Maharashtra,Nagpur,FAKE-DIR-00050,TEST-DL-000050,900000000050,TUAZZ0050T,2024,FLAGGED,1,0,0.93,0.72,PASS,True
SYN-0051,Domicile & Civil Registry,TEST PERSON 051,Karnataka,Mumbai,FAKE-DOM-00051,TEST-DL-000051,900000000051,TPKWS0051D,2020,VALID,0,1,0.86,0.73,MANUAL_REVIEW,True
SYN-0052,Land Registry Title Deed,TEST PERSON 052,Delhi,Mumbai,FAKE-LAN-00052,TEST-DL-000052,900000000052,WBLOL0052V,2025,EXPIRED,1,1,0.73,0.63,PASS,True
SYN-0053,Driver's Licence (Sarathi/RTO),TEST PERSON 053,Maharashtra,Jaipur,FAKE-DRI-00053,TEST-DL-000053,900000000053,NKLGY0053O,2023,VALID,0,1,0.67,0.24,PASS,True
SYN-0054,Driver's Licence (Sarathi/RTO),TEST PERSON 054,Karnataka,Jaipur,FAKE-DL-00002,TEST-DL-000054,900000000054,KZYGF0054M,2023,FLAGGED,1,1,0.86,0.69,FAIL,True
SYN-0055,Land Registry Title Deed,TEST PERSON 055,Delhi,Nashik,FAKE-LAN-00055,TEST-DL-000055,900000000055,ZBNMQ0055I,2021,EXPIRED,1,1,0.91,0.8,PASS,True
SYN-0056,Driver's Licence (Sarathi/RTO),TEST PERSON 056,Delhi,Nashik,FAKE-DL-00021,TEST-DL-000056,900000000056,FRMLC0056J,2025,VALID,1,1,0.68,0.28,PASS,True
SYN-0057,Caste & Affirmative Action,TEST PERSON 057,Gujarat,Bengaluru,FAKE-CAS-00057,TEST-DL-000057,900000000057,DIQTK0057B,2020,VALID,0,0,0.78,0.15,PASS,True
SYN-0058,Revenue & Income Certificate,TEST PERSON 058,Rajasthan,Nashik,FAKE-REV-00058,TEST-DL-000058,900000000058,MBSMJ0058D,2022,FLAGGED,1,1,0.67,0.79,MANUAL_REVIEW,True
SYN-0059,Driver's Licence (Sarathi/RTO),TEST PERSON 059,Delhi,Ahmedabad,FAKE-DRI-00059,TEST-DL-000059,900000000059,OSYWK0059H,2020,FLAGGED,1,1,0.65,0.34,MANUAL_REVIEW,True
SYN-0060,Driver's Licence (Sarathi/RTO),TEST PERSON 060,Rajasthan,Bengaluru,FAKE-DRI-00060,TEST-DL-000060,900000000060,UOIOS0060S,2025,FLAGGED,0,1,0.72,0.42,PASS,True
SYN-0061,Land Registry Title Deed,TEST PERSON 061,Gujarat,Ahmedabad,FAKE-LAN-00061,TEST-DL-000061,900000000061,LHWOQ0061S,2025,EXPIRED,0,1,0.96,0.93,FAIL,True
SYN-0062,Revenue & Income Certificate,TEST PERSON 062,Rajasthan,Bengaluru,FAKE-REV-00062,TEST-DL-000062,900000000062,IKBFD0062A,2024,VALID,0,1,0.7,0.44,PASS,True
SYN-0063,Caste & Affirmative Action,TEST PERSON 063,Rajasthan,Nagpur,FAKE-CAS-00063,TEST-DL-000063,900000000063,NVPXE0063P,2021,EXPIRED,1,1,0.91,0.37,MANUAL_REVIEW,True
SYN-0064,Caste & Affirmative Action,TEST PERSON 064,Maharashtra,Nashik,FAKE-CAS-00064,TEST-DL-000064,900000000064,RBPRE0064K,2020,FLAGGED,0,1,0.73,0.07,PASS,True
SYN-0065,Driver's Licence (Sarathi/RTO),TEST PERSON 065,Maharashtra,Mumbai,FAKE-DRI-00065,TEST-DL-000065,900000000065,LHTBO0065Q,2021,VALID,0,0,0.69,0.64,FAIL,True
SYN-0066,Domicile & Civil Registry,TEST PERSON 066,Rajasthan,Ahmedabad,FAKE-DOM-00066,TEST-DL-000066,900000000066,TYJWS0066A,2022,VALID,0,0,0.91,0.16,PASS,True
SYN-0067,Revenue & Income Certificate,TEST PERSON 067,Delhi,Pune,FAKE-REV-00067,TEST-DL-000067,900000000067,KXMHW0067C,2022,FLAGGED,1,1,0.97,0.2,FAIL,True
SYN-0068,Direct Benefit Pension Verification,TEST PERSON 068,Karnataka,Pune,FAKE-DIR-00068,TEST-DL-000068,900000000068,IJFNL0068N,2025,VALID,0,0,0.77,0.41,PASS,True
SYN-0069,Revenue & Income Certificate,TEST PERSON 069,Delhi,Ahmedabad,FAKE-REV-00069,TEST-DL-000069,900000000069,BTAPV0069F,2022,VALID,1,1,0.69,0.91,MANUAL_REVIEW,True
SYN-0070,Driver's Licence (Sarathi/RTO),TEST PERSON 070,Karnataka,Nashik,FAKE-DL-00025,TEST-DL-000070,900000000070,GBIQF0070Y,2021,FLAGGED,1,1,0.81,0.79,FAIL,True
SYN-0071,Driver's Licence (Sarathi/RTO),TEST PERSON 071,Gujarat,Jaipur,FAKE-DL-00003,TEST-DL-000071,900000000071,XQGJP0071O,2021,VALID,1,1,0.73,0.45,FAIL,True
SYN-0072,Direct Benefit Pension Verification,TEST PERSON 072,Rajasthan,Nagpur,FAKE-DIR-00072,TEST-DL-000072,900000000072,HJQCD0072O,2020,EXPIRED,1,0,0.82,0.34,PASS,True
SYN-0073,Caste & Affirmative Action,TEST PERSON 073,Gujarat,Bengaluru,FAKE-CAS-00073,TEST-DL-000073,900000000073,TRRIZ0073G,2025,VALID,0,0,0.68,0.69,MANUAL_REVIEW,True
SYN-0074,Driver's Licence (Sarathi/RTO),TEST PERSON 074,Karnataka,Ahmedabad,FAKE-DL-00013,TEST-DL-000074,900000000074,QCUMN0074Z,2023,EXPIRED,1,0,0.68,0.22,PASS,True
SYN-0075,Caste & Affirmative Action,TEST PERSON 075,Delhi,Nagpur,FAKE-CAS-00075,TEST-DL-000075,900000000075,ZODBS0075N,2023,FLAGGED,1,1,0.99,0.53,PASS,True
SYN-0076,Direct Benefit Pension Verification,TEST PERSON 076,Rajasthan,Nagpur,FAKE-DIR-00076,TEST-DL-000076,900000000076,YUNQL0076E,2022,VALID,0,0,0.9,0.31,FAIL,True
SYN-0077,Driver's Licence (Sarathi/RTO),TEST PERSON 077,Karnataka,Mumbai,FAKE-DL-00017,TEST-DL-000077,900000000077,PEGGH0077B,2021,EXPIRED,1,1,0.98,0.79,PASS,True
SYN-0078,Driver's Licence (Sarathi/RTO),TEST PERSON 078,Gujarat,Mumbai,FAKE-DL-00018,TEST-DL-000078,900000000078,HGCMA0078A,2022,VALID,0,1,0.67,0.06,PASS,True
SYN-0079,Direct Benefit Pension Verification,TEST PERSON 079,Karnataka,Ahmedabad,FAKE-DIR-00079,TEST-DL-000079,900000000079,NUKRA0079B,2026,EXPIRED,0,0,0.85,0.45,MANUAL_REVIEW,True
SYN-0080,Caste & Affirmative Action,TEST PERSON 080,Karnataka,Pune,FAKE-CAS-00080,TEST-DL-000080,900000000080,HXNWJ0080F,2022,EXPIRED,0,0,0.79,0.08,PASS,True
SYN-0081,Driver's Licence (Sarathi/RTO),TEST PERSON 081,Karnataka,Jaipur,FAKE-DL-00008,TEST-DL-000081,900000000081,JDJVU0081K,2024,VALID,0,0,0.69,0.73,FAIL,True
SYN-0082,Municipal Business & Trade License,TEST PERSON 082,Delhi,Mumbai,FAKE-MUN-00082,TEST-DL-000082,900000000082,GQAXL0082Z,2026,FLAGGED,1,1,0.96,0.29,FAIL,True
SYN-0083,Land Registry Title Deed,TEST PERSON 083,Gujarat,Bengaluru,FAKE-LAN-00083,TEST-DL-000083,900000000083,EOHNH0083Q,2024,VALID,0,0,0.86,0.26,PASS,True
SYN-0084,Driver's Licence (Sarathi/RTO),TEST PERSON 084,Karnataka,Mumbai,FAKE-DL-00001,TEST-DL-000084,900000000084,VNMRG0084M,2024,VALID,0,0,0.79,0.66,MANUAL_REVIEW,True
SYN-0085,Caste & Affirmative Action,TEST PERSON 085,Maharashtra,Mumbai,FAKE-CAS-00085,TEST-DL-000085,900000000085,CPBJE0085P,2022,VALID,1,0,0.88,0.88,FAIL,True
SYN-0086,Direct Benefit Pension Verification,TEST PERSON 086,Karnataka,Nashik,FAKE-DIR-00086,TEST-DL-000086,900000000086,XXDED0086O,2020,FLAGGED,0,0,0.96,0.79,PASS,True
SYN-0087,Revenue & Income Certificate,TEST PERSON 087,Karnataka,Jaipur,FAKE-REV-00087,TEST-DL-000087,900000000087,LRTAO0087Q,2022,FLAGGED,1,1,0.69,0.66,MANUAL_REVIEW,True
SYN-0088,Caste & Affirmative Action,TEST PERSON 088,Delhi,Bengaluru,FAKE-CAS-00088,TEST-DL-000088,900000000088,LJLGM0088B,2023,EXPIRED,0,0,0.95,0.7,FAIL,True
SYN-0089,Driver's Licence (Sarathi/RTO),TEST PERSON 089,Maharashtra,Pune,FAKE-DL-00022,TEST-DL-000089,900000000089,DQYDS0089V,2021,FLAGGED,0,1,0.85,0.73,PASS,True
SYN-0090,Land Registry Title Deed,TEST PERSON 090,Delhi,Ahmedabad,FAKE-LAN-00090,TEST-DL-000090,900000000090,KXCYV0090G,2023,VALID,0,1,0.87,0.47,PASS,True
SYN-0091,Driver's Licence (Sarathi/RTO),TEST PERSON 091,Gujarat,Nashik,FAKE-DL-00015,TEST-DL-000091,900000000091,MFNEP0091E,2022,VALID,0,0,0.76,0.66,PASS,True
SYN-0092,Direct Benefit Pension Verification,TEST PERSON 092,Rajasthan,Jaipur,FAKE-DIR-00092,TEST-DL-000092,900000000092,AFZZC0092K,2026,FLAGGED,0,1,0.68,0.25,PASS,True
SYN-0093,Driver's Licence (Sarathi/RTO),TEST PERSON 093,Rajasthan,Jaipur,FAKE-DRI-00093,TEST-DL-000093,900000000093,BDEHO0093N,2024,VALID,1,1,0.67,0.5,FAIL,True
SYN-0094,Driver's Licence (Sarathi/RTO),TEST PERSON 094,Rajasthan,Ahmedabad,FAKE-DRI-00094,TEST-DL-000094,900000000094,GVMBB0094E,2023,VALID,0,1,0.84,0.88,MANUAL_REVIEW,True
SYN-0095,Direct Benefit Pension Verification,TEST PERSON 095,Rajasthan,Pune,FAKE-DIR-00095,TEST-DL-000095,900000000095,DOWCE0095V,2020,FLAGGED,0,0,0.76,0.02,MANUAL_REVIEW,True
SYN-0096,Revenue & Income Certificate,TEST PERSON 096,Karnataka,Jaipur,FAKE-REV-00096,TEST-DL-000096,900000000096,BLOZG0096H,2020,EXPIRED,0,0,0.82,0.68,FAIL,True
SYN-0097,Direct Benefit Pension Verification,TEST PERSON 097,Gujarat,Nashik,FAKE-DIR-00097,TEST-DL-000097,900000000097,HZNKV0097E,2026,EXPIRED,1,0,0.81,0.15,PASS,True
SYN-0098,Municipal Business & Trade License,TEST PERSON 098,Delhi,Ahmedabad,FAKE-MUN-00098,TEST-DL-000098,900000000098,CVAJK0098V,2021,VALID,1,1,0.77,0.75,PASS,True
SYN-0099,Driver's Licence (Sarathi/RTO),TEST PERSON 099,Maharashtra,Nagpur,FAKE-DRI-00099,TEST-DL-000099,900000000099,MLZHB0099B,2025,VALID,1,0,0.8,0.47,PASS,True
SYN-0100,Municipal Business & Trade License,TEST PERSON 100,Delhi,Nashik,FAKE-MUN-00100,TEST-DL-000100,900000000100,RCDHJ0100H,2023,VALID,0,0,0.84,0.23,MANUAL_REVIEW,True
