application_id,service_category,state,city,issue_year,document_quality_score,fraud_risk_score,ocr_name_match,ocr_date_match,document_status,verification_result
APP-2026-10001,BUSINESS_LICENSE,Maharashtra,Mumbai,2022,0.783,0.047,1,1,VALID,PASS
APP-2026-10002,AGRICULTURE,Maharashtra,Nagpur,2024,0.772,0.08,1,1,VALID,PASS
APP-2026-10003,AGRICULTURE,Karnataka,Hubballi,2026,0.858,0.092,1,1,VALID,PASS
APP-2026-10004,HEALTHCARE,Gujarat,Surat,2023,0.802,0.219,1,1,VALID,PASS
APP-2026-10005,HOUSING,Maharashtra,Pune,2023,0.726,0.477,1,1,FLAGGED,MANUAL_REVIEW
APP-2026-10006,EDUCATION,Gujarat,Vadodara,2023,0.697,0.292,0,1,VALID,MANUAL_REVIEW
APP-2026-10007,PENSION,Tamil Nadu,Coimbatore,2025,0.602,0.38,0,1,FLAGGED,MANUAL_REVIEW
APP-2026-10008,AGRICULTURE,Gujarat,Ahmedabad,2026,0.546,0.382,1,1,FLAGGED,MANUAL_REVIEW
APP-2026-10009,EDUCATION,Maharashtra,Mumbai,2018,0.36,0.578,0,0,EXPIRED,FAIL
APP-2026-10010,BUSINESS_LICENSE,Tamil Nadu,Coimbatore,2025,0.784,0.214,1,1,VALID,PASS
APP-2026-10011,BUSINESS_LICENSE,Uttar Pradesh,Kanpur,2024,0.989,0.056,1,1,VALID,PASS
APP-2026-10012,PENSION,Maharashtra,Mumbai,2020,0.369,0.577,0,0,EXPIRED,FAIL
APP-2026-10013,AGRICULTURE,Maharashtra,Nagpur,2019,0.65,0.352,1,0,FLAGGED,MANUAL_REVIEW
APP-2026-10014,PENSION,Gujarat,Vadodara,2022,0.505,0.768,1,0,EXPIRED,FAIL
APP-2026-10015,HEALTHCARE,Karnataka,Mysuru,2020,0.718,0.423,0,1,VALID,MANUAL_REVIEW
APP-2026-10016,EDUCATION,Delhi,New Delhi,2018,0.886,0.04,1,1,VALID,PASS
APP-2026-10017,PENSION,Uttar Pradesh,Lucknow,2020,0.765,0.325,1,1,VALID,MANUAL_REVIEW
APP-2026-10018,BUSINESS_LICENSE,Gujarat,Ahmedabad,2022,0.911,0.117,1,1,VALID,PASS
APP-2026-10019,HOUSING,Maharashtra,Mumbai,2021,0.755,0.164,1,1,VALID,PASS
APP-2026-10020,PENSION,Maharashtra,Nagpur,2018,0.967,0.244,1,1,VALID,PASS
APP-2026-10021,HEALTHCARE,Delhi,South Delhi,2025,0.782,0.263,1,1,VALID,PASS
APP-2026-10022,HOUSING,Karnataka,Mysuru,2024,0.773,0.132,1,1,VALID,PASS
APP-2026-10023,HOUSING,Gujarat,Ahmedabad,2019,0.925,0.228,1,1,VALID,PASS
APP-2026-10024,HEALTHCARE,Karnataka,Hubballi,2025,0.794,0.14,1,1,VALID,PASS
APP-2026-10025,PENSION,Tamil Nadu,Madurai,2019,0.99,0.237,1,1,VALID,PASS
APP-2026-10026,HEALTHCARE,Karnataka,Mysuru,2025,0.958,0.255,1,1,VALID,PASS
APP-2026-10027,PENSION,Tamil Nadu,Coimbatore,2025,0.917,0.21,1,1,VALID,PASS
APP-2026-10028,BUSINESS_LICENSE,Gujarat,Surat,2020,0.802,0.035,1,1,VALID,PASS
APP-2026-10029,PENSION,Gujarat,Surat,2018,0.864,0.259,1,1,VALID,PASS
APP-2026-10030,PENSION,Uttar Pradesh,Lucknow,2020,0.766,0.244,1,1,VALID,PASS
APP-2026-10031,AGRICULTURE,Karnataka,Hubballi,2018,0.617,0.438,1,1,VALID,MANUAL_REVIEW
APP-2026-10032,EDUCATION,Karnataka,Mysuru,2024,0.905,0.139,1,1,VALID,PASS
APP-2026-10033,PENSION,Maharashtra,Pune,2019,0.801,0.089,1,1,VALID,PASS
APP-2026-10034,PENSION,Karnataka,Mysuru,2022,0.95,0.203,1,1,VALID,PASS
APP-2026-10035,BUSINESS_LICENSE,Uttar Pradesh,Lucknow,2026,0.909,0.264,1,1,VALID,PASS
APP-2026-10036,PENSION,Maharashtra,Nagpur,2026,0.818,0.075,1,1,VALID,PASS
APP-2026-10037,BUSINESS_LICENSE,Gujarat,Surat,2026,0.967,0.24,1,1,VALID,PASS
APP-2026-10038,HOUSING,Delhi,New Delhi,2018,0.781,0.275,1,1,VALID,PASS
APP-2026-10039,HOUSING,Uttar Pradesh,Varanasi,2024,0.531,0.535,1,0,VALID,MANUAL_REVIEW
APP-2026-10040,AGRICULTURE,Uttar Pradesh,Lucknow,2024,0.824,0.254,1,1,VALID,PASS
APP-2026-10041,PENSION,Delhi,New Delhi,2021,0.599,0.431,1,1,FLAGGED,MANUAL_REVIEW
APP-2026-10042,HEALTHCARE,Karnataka,Bengaluru,2024,0.927,0.106,1,1,VALID,PASS
APP-2026-10043,BUSINESS_LICENSE,Gujarat,Ahmedabad,2022,0.918,0.119,1,1,VALID,PASS
APP-2026-10044,HOUSING,Karnataka,Bengaluru,2025,0.947,0.247,1,1,VALID,PASS
APP-2026-10045,BUSINESS_LICENSE,Karnataka,Mysuru,2023,0.767,0.221,1,1,VALID,PASS
APP-2026-10046,AGRICULTURE,Tamil Nadu,Madurai,2026,0.757,0.248,1,1,VALID,PASS
APP-2026-10047,AGRICULTURE,Delhi,New Delhi,2019,0.597,0.492,1,1,VALID,MANUAL_REVIEW
APP-2026-10048,AGRICULTURE,Karnataka,Mysuru,2018,0.5,0.53,1,1,FLAGGED,MANUAL_REVIEW
APP-2026-10049,HEALTHCARE,Delhi,North Delhi,2019,0.568,0.818,0,1,FLAGGED,FAIL
APP-2026-10050,BUSINESS_LICENSE,Tamil Nadu,Coimbatore,2024,0.655,0.332,1,1,FLAGGED,MANUAL_REVIEW
APP-2026-10051,AGRICULTURE,Uttar Pradesh,Kanpur,2024,0.5,0.357,1,1,FLAGGED,MANUAL_REVIEW
APP-2026-10052,HOUSING,Tamil Nadu,Madurai,2021,0.722,0.539,1,1,FLAGGED,MANUAL_REVIEW
APP-2026-10053,BUSINESS_LICENSE,Uttar Pradesh,Kanpur,2019,0.5,0.839,1,1,EXPIRED,FAIL
APP-2026-10054,HOUSING,Uttar Pradesh,Lucknow,2025,0.901,0.071,1,1,VALID,PASS
APP-2026-10055,HOUSING,Tamil Nadu,Chennai,2020,0.502,0.483,1,0,FLAGGED,MANUAL_REVIEW
APP-2026-10056,BUSINESS_LICENSE,Uttar Pradesh,Kanpur,2018,0.757,0.313,0,1,FLAGGED,MANUAL_REVIEW
APP-2026-10057,AGRICULTURE,Delhi,North Delhi,2026,0.968,0.136,1,1,VALID,PASS
APP-2026-10058,HOUSING,Tamil Nadu,Coimbatore,2021,0.311,0.884,0,1,FLAGGED,FAIL
APP-2026-10059,EDUCATION,Karnataka,Mysuru,2023,0.88,0.056,1,1,VALID,PASS
APP-2026-10060,BUSINESS_LICENSE,Karnataka,Hubballi,2021,0.848,0.161,1,1,VALID,PASS
APP-2026-10061,HEALTHCARE,Tamil Nadu,Coimbatore,2018,0.506,0.714,1,1,FLAGGED,FAIL
APP-2026-10062,HOUSING,Uttar Pradesh,Varanasi,2026,0.559,0.76,1,0,FLAGGED,FAIL
APP-2026-10063,BUSINESS_LICENSE,Tamil Nadu,Madurai,2020,0.568,0.972,0,0,EXPIRED,FAIL
APP-2026-10064,PENSION,Maharashtra,Nagpur,2024,0.861,0.033,1,1,VALID,PASS
APP-2026-10065,HEALTHCARE,Tamil Nadu,Coimbatore,2023,0.606,0.483,1,1,VALID,MANUAL_REVIEW
APP-2026-10066,BUSINESS_LICENSE,Uttar Pradesh,Lucknow,2023,0.766,0.269,1,1,VALID,PASS
APP-2026-10067,PENSION,Karnataka,Bengaluru,2018,0.567,0.408,0,1,FLAGGED,MANUAL_REVIEW
APP-2026-10068,EDUCATION,Karnataka,Hubballi,2019,0.546,0.364,1,1,FLAGGED,MANUAL_REVIEW
APP-2026-10069,HOUSING,Tamil Nadu,Madurai,2021,0.916,0.183,1,1,VALID,PASS
APP-2026-10070,EDUCATION,Gujarat,Vadodara,2019,0.426,0.568,0,0,EXPIRED,FAIL
APP-2026-10071,EDUCATION,Maharashtra,Pune,2025,0.981,0.185,1,1,VALID,PASS
APP-2026-10072,BUSINESS_LICENSE,Karnataka,Mysuru,2020,0.77,0.353,1,1,FLAGGED,MANUAL_REVIEW
APP-2026-10073,BUSINESS_LICENSE,Uttar Pradesh,Kanpur,2023,0.532,0.587,0,1,FLAGGED,FAIL
APP-2026-10074,BUSINESS_LICENSE,Tamil Nadu,Coimbatore,2018,0.828,0.147,1,1,VALID,PASS
APP-2026-10075,EDUCATION,Delhi,North Delhi,2022,0.645,0.332,0,1,FLAGGED,MANUAL_REVIEW
APP-2026-10076,BUSINESS_LICENSE,Tamil Nadu,Madurai,2025,0.754,0.097,1,1,VALID,PASS
APP-2026-10077,HEALTHCARE,Delhi,South Delhi,2023,0.877,0.131,1,1,VALID,PASS
APP-2026-10078,EDUCATION,Delhi,South Delhi,2025,0.81,0.051,1,1,VALID,PASS
APP-2026-10079,PENSION,Gujarat,Vadodara,2020,0.927,0.092,1,1,VALID,PASS
APP-2026-10080,AGRICULTURE,Uttar Pradesh,Kanpur,2019,0.318,0.705,0,0,EXPIRED,FAIL
APP-2026-10081,PENSION,Uttar Pradesh,Kanpur,2020,0.711,0.308,0,1,FLAGGED,MANUAL_REVIEW
APP-2026-10082,HEALTHCARE,Maharashtra,Pune,2025,0.766,0.148,1,1,VALID,PASS
APP-2026-10083,BUSINESS_LICENSE,Maharashtra,Mumbai,2020,0.58,0.587,1,0,FLAGGED,FAIL
APP-2026-10084,AGRICULTURE,Karnataka,Hubballi,2024,0.856,0.244,1,1,VALID,PASS
APP-2026-10085,EDUCATION,Uttar Pradesh,Varanasi,2018,0.707,0.536,0,0,FLAGGED,MANUAL_REVIEW
APP-2026-10086,HEALTHCARE,Karnataka,Hubballi,2019,0.848,0.199,1,1,VALID,PASS
APP-2026-10087,PENSION,Karnataka,Mysuru,2022,0.627,0.466,1,1,FLAGGED,MANUAL_REVIEW
APP-2026-10088,HEALTHCARE,Tamil Nadu,Chennai,2026,0.786,0.089,1,1,VALID,PASS
APP-2026-10089,PENSION,Karnataka,Mysuru,2022,0.862,0.099,1,1,VALID,PASS
APP-2026-10090,EDUCATION,Uttar Pradesh,Varanasi,2025,0.894,0.251,1,1,VALID,PASS
APP-2026-10091,AGRICULTURE,Delhi,New Delhi,2019,0.912,0.244,1,1,VALID,PASS
APP-2026-10092,PENSION,Gujarat,Surat,2018,0.549,0.42,1,1,FLAGGED,MANUAL_REVIEW
APP-2026-10093,HOUSING,Maharashtra,Pune,2023,0.827,0.047,1,1,VALID,PASS
APP-2026-10094,HOUSING,Gujarat,Surat,2022,0.612,0.485,0,0,FLAGGED,MANUAL_REVIEW
APP-2026-10095,HOUSING,Uttar Pradesh,Lucknow,2026,0.763,0.155,1,1,VALID,PASS
APP-2026-10096,HOUSING,Gujarat,Surat,2018,0.882,0.261,1,1,VALID,PASS
APP-2026-10097,BUSINESS_LICENSE,Tamil Nadu,Chennai,2018,0.444,0.653,1,0,EXPIRED,FAIL
APP-2026-10098,HEALTHCARE,Maharashtra,Pune,2019,0.543,0.532,0,1,FLAGGED,MANUAL_REVIEW
APP-2026-10099,HOUSING,Karnataka,Mysuru,2026,0.796,0.176,1,1,VALID,PASS
APP-2026-10100,HEALTHCARE,Maharashtra,Pune,2024,0.939,0.089,1,1,VALID,MANUAL_REVIEW
APP-2026-10101,BUSINESS_LICENSE,Delhi,South Delhi,2025,0.379,0.758,0,0,FLAGGED,FAIL
APP-2026-10102,EDUCATION,Karnataka,Hubballi,2021,0.565,0.489,0,1,FLAGGED,MANUAL_REVIEW
APP-2026-10103,HOUSING,Tamil Nadu,Madurai,2020,0.759,0.151,1,1,VALID,PASS
APP-2026-10104,PENSION,Tamil Nadu,Chennai,2026,0.206,0.612,0,0,EXPIRED,FAIL
APP-2026-10105,EDUCATION,Delhi,South Delhi,2024,0.738,0.51,1,1,FLAGGED,MANUAL_REVIEW
APP-2026-10106,HOUSING,Uttar Pradesh,Lucknow,2019,0.914,0.095,1,1,VALID,PASS
APP-2026-10107,PENSION,Tamil Nadu,Chennai,2019,0.917,0.255,1,1,VALID,PASS
APP-2026-10108,PENSION,Delhi,North Delhi,2023,0.809,0.127,1,1,VALID,PASS
APP-2026-10109,HEALTHCARE,Karnataka,Bengaluru,2019,0.607,0.464,1,1,VALID,MANUAL_REVIEW
APP-2026-10110,EDUCATION,Tamil Nadu,Coimbatore,2018,0.386,0.674,0,1,FLAGGED,FAIL
APP-2026-10111,EDUCATION,Gujarat,Surat,2022,0.823,0.28,1,1,VALID,PASS
APP-2026-10112,PENSION,Karnataka,Mysuru,2023,0.778,0.36,1,1,FLAGGED,FAIL
APP-2026-10113,BUSINESS_LICENSE,Gujarat,Ahmedabad,2025,0.561,0.884,1,0,EXPIRED,FAIL
APP-2026-10114,AGRICULTURE,Delhi,South Delhi,2020,0.753,0.455,0,1,FLAGGED,MANUAL_REVIEW
APP-2026-10115,HEALTHCARE,Maharashtra,Pune,2023,0.549,0.316,1,1,FLAGGED,MANUAL_REVIEW
APP-2026-10116,EDUCATION,Karnataka,Mysuru,2025,0.318,0.924,0,0,EXPIRED,FAIL
APP-2026-10117,HEALTHCARE,Gujarat,Vadodara,2024,0.522,0.707,0,1,EXPIRED,FAIL
APP-2026-10118,EDUCATION,Gujarat,Vadodara,2022,0.73,0.534,0,0,VALID,MANUAL_REVIEW
APP-2026-10119,AGRICULTURE,Delhi,South Delhi,2021,0.678,0.405,1,1,VALID,MANUAL_REVIEW
APP-2026-10120,PENSION,Delhi,North Delhi,2019,0.963,0.055,1,1,VALID,PASS
APP-2026-10121,BUSINESS_LICENSE,Gujarat,Vadodara,2026,0.928,0.06,1,1,VALID,PASS
APP-2026-10122,PENSION,Tamil Nadu,Madurai,2024,0.312,0.847,1,0,EXPIRED,FAIL
APP-2026-10123,PENSION,Gujarat,Surat,2026,0.458,0.576,1,0,FLAGGED,FAIL
APP-2026-10124,HEALTHCARE,Gujarat,Vadodara,2018,0.83,0.277,1,1,VALID,PASS
APP-2026-10125,HEALTHCARE,Maharashtra,Nagpur,2021,0.728,0.343,1,1,FLAGGED,PASS
APP-2026-10126,HEALTHCARE,Karnataka,Hubballi,2022,0.244,0.923,1,1,EXPIRED,FAIL
APP-2026-10127,PENSION,Karnataka,Mysuru,2018,0.851,0.05,1,1,VALID,PASS
APP-2026-10128,HOUSING,Delhi,South Delhi,2019,0.803,0.18,1,1,VALID,PASS
APP-2026-10129,BUSINESS_LICENSE,Uttar Pradesh,Kanpur,2025,0.509,0.55,1,1,VALID,MANUAL_REVIEW
APP-2026-10130,HOUSING,Maharashtra,Mumbai,2023,0.518,0.354,1,1,FLAGGED,MANUAL_REVIEW
APP-2026-10131,AGRICULTURE,Uttar Pradesh,Kanpur,2025,0.62,0.494,0,1,FLAGGED,MANUAL_REVIEW
APP-2026-10132,HEALTHCARE,Tamil Nadu,Coimbatore,2021,0.949,0.124,1,1,VALID,PASS
APP-2026-10133,EDUCATION,Tamil Nadu,Coimbatore,2022,0.787,0.26,1,1,VALID,PASS
APP-2026-10134,PENSION,Maharashtra,Pune,2019,0.604,0.315,0,1,FLAGGED,MANUAL_REVIEW
APP-2026-10135,PENSION,Tamil Nadu,Coimbatore,2024,0.488,0.966,0,1,EXPIRED,FAIL
APP-2026-10136,HEALTHCARE,Gujarat,Surat,2021,0.34,0.789,1,1,EXPIRED,FAIL
APP-2026-10137,AGRICULTURE,Uttar Pradesh,Varanasi,2026,0.973,0.236,1,1,VALID,PASS
APP-2026-10138,HEALTHCARE,Delhi,South Delhi,2022,0.34,0.628,1,0,EXPIRED,FAIL
APP-2026-10139,BUSINESS_LICENSE,Maharashtra,Mumbai,2026,0.851,0.109,1,1,VALID,PASS
APP-2026-10140,BUSINESS_LICENSE,Delhi,South Delhi,2019,0.262,0.874,1,1,FLAGGED,FAIL
APP-2026-10141,HOUSING,Uttar Pradesh,Kanpur,2024,0.931,0.05,1,1,VALID,PASS
APP-2026-10142,EDUCATION,Gujarat,Vadodara,2025,0.586,0.34,1,0,VALID,MANUAL_REVIEW
APP-2026-10143,HEALTHCARE,Karnataka,Mysuru,2022,0.752,0.214,1,1,VALID,PASS
APP-2026-10144,HOUSING,Uttar Pradesh,Varanasi,2021,0.733,0.498,0,1,VALID,MANUAL_REVIEW
APP-2026-10145,HOUSING,Maharashtra,Pune,2024,0.699,0.393,0,0,FLAGGED,MANUAL_REVIEW
APP-2026-10146,AGRICULTURE,Tamil Nadu,Madurai,2023,0.953,0.083,1,1,VALID,PASS
APP-2026-10147,AGRICULTURE,Maharashtra,Pune,2022,0.562,0.49,0,1,FLAGGED,MANUAL_REVIEW
APP-2026-10148,EDUCATION,Delhi,South Delhi,2020,0.785,0.071,1,1,VALID,PASS
APP-2026-10149,BUSINESS_LICENSE,Maharashtra,Mumbai,2025,0.885,0.171,1,1,VALID,PASS
APP-2026-10150,AGRICULTURE,Gujarat,Vadodara,2023,0.451,0.615,1,0,FLAGGED,FAIL
APP-2026-10151,AGRICULTURE,Maharashtra,Pune,2026,0.861,0.03,1,1,VALID,PASS
APP-2026-10152,EDUCATION,Maharashtra,Nagpur,2019,0.642,0.405,1,1,VALID,MANUAL_REVIEW
APP-2026-10153,AGRICULTURE,Gujarat,Ahmedabad,2023,0.64,0.539,1,1,FLAGGED,MANUAL_REVIEW
APP-2026-10154,PENSION,Uttar Pradesh,Varanasi,2020,0.92,0.278,1,1,VALID,PASS
APP-2026-10155,AGRICULTURE,Karnataka,Mysuru,2023,0.355,0.883,0,1,EXPIRED,FAIL
APP-2026-10156,PENSION,Delhi,New Delhi,2026,0.58,0.475,1,1,VALID,MANUAL_REVIEW
APP-2026-10157,AGRICULTURE,Gujarat,Ahmedabad,2023,0.907,0.192,1,1,VALID,PASS
APP-2026-10158,BUSINESS_LICENSE,Maharashtra,Pune,2026,0.94,0.231,1,1,VALID,PASS
APP-2026-10159,BUSINESS_LICENSE,Gujarat,Vadodara,2019,0.619,0.378,1,0,VALID,MANUAL_REVIEW
APP-2026-10160,HOUSING,Karnataka,Bengaluru,2020,0.821,0.225,1,1,VALID,PASS
APP-2026-10161,AGRICULTURE,Gujarat,Vadodara,2018,0.745,0.447,1,0,VALID,MANUAL_REVIEW
APP-2026-10162,AGRICULTURE,Karnataka,Hubballi,2025,0.837,0.207,1,1,VALID,PASS
APP-2026-10163,AGRICULTURE,Delhi,South Delhi,2025,0.807,0.271,1,1,VALID,PASS
APP-2026-10164,HEALTHCARE,Delhi,South Delhi,2025,0.818,0.119,1,1,VALID,PASS
APP-2026-10165,HEALTHCARE,Karnataka,Hubballi,2020,0.221,0.757,0,0,EXPIRED,FAIL
APP-2026-10166,PENSION,Delhi,New Delhi,2020,0.967,0.058,1,1,VALID,PASS
APP-2026-10167,HEALTHCARE,Tamil Nadu,Coimbatore,2018,0.845,0.117,1,1,VALID,PASS
APP-2026-10168,PENSION,Delhi,New Delhi,2018,0.774,0.206,1,1,VALID,PASS
APP-2026-10169,HEALTHCARE,Karnataka,Bengaluru,2022,0.389,0.907,0,0,EXPIRED,MANUAL_REVIEW
APP-2026-10170,PENSION,Maharashtra,Pune,2021,0.42,0.863,0,1,FLAGGED,FAIL
APP-2026-10171,PENSION,Maharashtra,Mumbai,2024,0.674,0.297,1,1,FLAGGED,PASS
APP-2026-10172,AGRICULTURE,Uttar Pradesh,Lucknow,2020,0.75,0.112,1,1,VALID,PASS
APP-2026-10173,HEALTHCARE,Gujarat,Vadodara,2019,0.601,0.537,1,1,FLAGGED,MANUAL_REVIEW
APP-2026-10174,HOUSING,Tamil Nadu,Chennai,2024,0.301,0.557,0,1,EXPIRED,FAIL
APP-2026-10175,PENSION,Uttar Pradesh,Varanasi,2023,0.835,0.108,1,1,VALID,PASS
APP-2026-10176,BUSINESS_LICENSE,Tamil Nadu,Madurai,2025,0.727,0.297,1,1,FLAGGED,MANUAL_REVIEW
APP-2026-10177,HEALTHCARE,Maharashtra,Pune,2022,0.777,0.427,0,1,VALID,MANUAL_REVIEW
APP-2026-10178,PENSION,Gujarat,Surat,2022,0.838,0.251,1,1,VALID,PASS
APP-2026-10179,HOUSING,Delhi,New Delhi,2025,0.603,0.495,0,0,FLAGGED,MANUAL_REVIEW
APP-2026-10180,AGRICULTURE,Karnataka,Hubballi,2022,0.769,0.192,1,1,VALID,PASS
APP-2026-10181,AGRICULTURE,Gujarat,Surat,2020,0.598,0.291,1,1,FLAGGED,MANUAL_REVIEW
APP-2026-10182,PENSION,Maharashtra,Nagpur,2024,0.942,0.197,1,1,VALID,PASS
APP-2026-10183,HEALTHCARE,Uttar Pradesh,Varanasi,2025,0.766,0.222,1,1,VALID,PASS
APP-2026-10184,HOUSING,Uttar Pradesh,Lucknow,2020,0.766,0.38,1,1,FLAGGED,MANUAL_REVIEW
APP-2026-10185,EDUCATION,Gujarat,Surat,2021,0.21,0.63,0,0,EXPIRED,FAIL
APP-2026-10186,EDUCATION,Gujarat,Surat,2021,0.314,0.944,0,1,EXPIRED,FAIL
APP-2026-10187,BUSINESS_LICENSE,Tamil Nadu,Chennai,2023,0.699,0.428,0,1,VALID,MANUAL_REVIEW
APP-2026-10188,BUSINESS_LICENSE,Gujarat,Ahmedabad,2023,0.534,0.334,0,1,VALID,MANUAL_REVIEW
APP-2026-10189,AGRICULTURE,Delhi,North Delhi,2026,0.962,0.037,1,1,VALID,PASS
APP-2026-10190,BUSINESS_LICENSE,Gujarat,Surat,2026,0.848,0.169,1,1,VALID,PASS
APP-2026-10191,EDUCATION,Gujarat,Ahmedabad,2025,0.874,0.053,1,1,VALID,PASS
APP-2026-10192,AGRICULTURE,Gujarat,Vadodara,2020,0.536,0.416,1,1,FLAGGED,MANUAL_REVIEW
APP-2026-10193,HEALTHCARE,Karnataka,Mysuru,2021,0.976,0.253,1,1,VALID,PASS
APP-2026-10194,EDUCATION,Karnataka,Hubballi,2026,0.9,0.18,1,1,VALID,PASS
APP-2026-10195,BUSINESS_LICENSE,Karnataka,Hubballi,2020,0.9,0.255,1,1,VALID,PASS
APP-2026-10196,AGRICULTURE,Maharashtra,Mumbai,2019,0.904,0.17,1,1,VALID,PASS
APP-2026-10197,AGRICULTURE,Tamil Nadu,Madurai,2018,0.901,0.095,1,1,VALID,PASS
APP-2026-10198,HOUSING,Karnataka,Hubballi,2024,0.768,0.036,1,1,VALID,PASS
APP-2026-10199,HOUSING,Tamil Nadu,Chennai,2023,0.588,0.474,1,1,FLAGGED,MANUAL_REVIEW
APP-2026-10200,EDUCATION,Uttar Pradesh,Varanasi,2019,0.862,0.09,1,1,VALID,PASS
APP-2026-10201,PENSION,Maharashtra,Pune,2024,0.367,0.964,0,0,EXPIRED,FAIL
APP-2026-10202,HEALTHCARE,Karnataka,Mysuru,2026,0.961,0.149,1,1,VALID,PASS
APP-2026-10203,HOUSING,Uttar Pradesh,Kanpur,2021,0.835,0.033,1,1,VALID,PASS
APP-2026-10204,BUSINESS_LICENSE,Gujarat,Surat,2022,0.737,0.396,1,1,FLAGGED,MANUAL_REVIEW
APP-2026-10205,HOUSING,Maharashtra,Nagpur,2026,0.883,0.039,1,1,VALID,PASS
APP-2026-10206,AGRICULTURE,Delhi,South Delhi,2019,0.773,0.117,1,1,VALID,PASS
APP-2026-10207,AGRICULTURE,Delhi,New Delhi,2021,0.612,0.291,0,1,FLAGGED,MANUAL_REVIEW
APP-2026-10208,HEALTHCARE,Uttar Pradesh,Varanasi,2020,0.897,0.062,1,1,VALID,PASS
APP-2026-10209,BUSINESS_LICENSE,Delhi,South Delhi,2023,0.643,0.412,1,1,VALID,MANUAL_REVIEW
APP-2026-10210,BUSINESS_LICENSE,Maharashtra,Pune,2022,0.49,0.846,1,0,EXPIRED,FAIL
APP-2026-10211,AGRICULTURE,Uttar Pradesh,Lucknow,2018,0.548,0.45,1,1,VALID,MANUAL_REVIEW
APP-2026-10212,HEALTHCARE,Maharashtra,Nagpur,2019,0.856,0.129,1,1,VALID,PASS
APP-2026-10213,HEALTHCARE,Tamil Nadu,Madurai,2025,0.494,0.577,1,1,FLAGGED,FAIL
APP-2026-10214,HOUSING,Uttar Pradesh,Kanpur,2023,0.384,0.779,0,0,EXPIRED,FAIL
APP-2026-10215,BUSINESS_LICENSE,Delhi,South Delhi,2025,0.809,0.165,1,1,VALID,PASS
APP-2026-10216,EDUCATION,Delhi,South Delhi,2021,0.637,0.41,1,1,FLAGGED,MANUAL_REVIEW
APP-2026-10217,PENSION,Uttar Pradesh,Varanasi,2026,0.985,0.233,1,1,VALID,PASS
APP-2026-10218,HEALTHCARE,Delhi,New Delhi,2022,0.232,0.947,0,0,EXPIRED,FAIL
APP-2026-10219,AGRICULTURE,Delhi,South Delhi,2022,0.898,0.173,1,1,VALID,PASS
APP-2026-10220,BUSINESS_LICENSE,Uttar Pradesh,Lucknow,2021,0.849,0.207,1,1,VALID,PASS
APP-2026-10221,HEALTHCARE,Maharashtra,Nagpur,2020,0.974,0.248,1,1,VALID,PASS
APP-2026-10222,HEALTHCARE,Delhi,North Delhi,2022,0.754,0.304,1,1,FLAGGED,MANUAL_REVIEW
APP-2026-10223,PENSION,Karnataka,Mysuru,2020,0.215,0.91,0,1,EXPIRED,FAIL
APP-2026-10224,EDUCATION,Maharashtra,Mumbai,2022,0.53,0.545,0,1,FLAGGED,MANUAL_REVIEW
APP-2026-10225,HEALTHCARE,Uttar Pradesh,Kanpur,2022,0.777,0.062,1,1,VALID,PASS
APP-2026-10226,EDUCATION,Gujarat,Ahmedabad,2018,0.721,0.433,1,0,FLAGGED,MANUAL_REVIEW
APP-2026-10227,HOUSING,Uttar Pradesh,Kanpur,2019,0.773,0.275,1,1,VALID,PASS
APP-2026-10228,HEALTHCARE,Maharashtra,Pune,2024,0.931,0.268,1,1,VALID,PASS
APP-2026-10229,BUSINESS_LICENSE,Uttar Pradesh,Lucknow,2022,0.694,0.297,0,1,FLAGGED,MANUAL_REVIEW
APP-2026-10230,BUSINESS_LICENSE,Delhi,South Delhi,2019,0.763,0.379,0,1,FLAGGED,MANUAL_REVIEW
APP-2026-10231,BUSINESS_LICENSE,Uttar Pradesh,Kanpur,2024,0.756,0.484,1,1,VALID,MANUAL_REVIEW
APP-2026-10232,AGRICULTURE,Maharashtra,Nagpur,2025,0.601,0.528,0,1,FLAGGED,MANUAL_REVIEW
APP-2026-10233,AGRICULTURE,Karnataka,Bengaluru,2023,0.377,0.843,0,0,EXPIRED,FAIL
APP-2026-10234,PENSION,Tamil Nadu,Chennai,2026,0.885,0.165,1,1,VALID,PASS
APP-2026-10235,EDUCATION,Gujarat,Ahmedabad,2024,0.751,0.077,1,1,VALID,PASS
APP-2026-10236,HOUSING,Delhi,South Delhi,2019,0.517,0.521,1,1,FLAGGED,MANUAL_REVIEW
APP-2026-10237,HEALTHCARE,Gujarat,Vadodara,2024,0.964,0.137,1,1,VALID,PASS
APP-2026-10238,HOUSING,Tamil Nadu,Chennai,2026,0.956,0.051,1,1,VALID,PASS
APP-2026-10239,HOUSING,Uttar Pradesh,Lucknow,2021,0.502,0.971,0,0,FLAGGED,FAIL
APP-2026-10240,HEALTHCARE,Karnataka,Mysuru,2023,0.795,0.248,1,1,VALID,PASS
APP-2026-10241,PENSION,Gujarat,Surat,2018,0.766,0.174,1,1,VALID,PASS
APP-2026-10242,BUSINESS_LICENSE,Gujarat,Ahmedabad,2021,0.613,0.343,0,1,VALID,MANUAL_REVIEW
APP-2026-10243,EDUCATION,Karnataka,Hubballi,2023,0.716,0.501,0,1,FLAGGED,MANUAL_REVIEW
APP-2026-10244,HOUSING,Delhi,North Delhi,2018,0.666,0.479,0,1,FLAGGED,MANUAL_REVIEW
APP-2026-10245,EDUCATION,Gujarat,Vadodara,2024,0.327,0.729,1,1,EXPIRED,FAIL
APP-2026-10246,HEALTHCARE,Delhi,South Delhi,2020,0.566,0.792,0,0,EXPIRED,FAIL
APP-2026-10247,EDUCATION,Karnataka,Mysuru,2019,0.539,0.59,0,1,FLAGGED,FAIL
APP-2026-10248,AGRICULTURE,Uttar Pradesh,Lucknow,2019,0.933,0.208,1,1,VALID,PASS
APP-2026-10249,HOUSING,Karnataka,Mysuru,2022,0.206,0.953,0,1,FLAGGED,FAIL
APP-2026-10250,BUSINESS_LICENSE,Uttar Pradesh,Varanasi,2021,0.807,0.104,1,1,VALID,PASS
APP-2026-10251,HOUSING,Uttar Pradesh,Varanasi,2023,0.836,0.25,1,1,VALID,PASS
APP-2026-10252,BUSINESS_LICENSE,Tamil Nadu,Coimbatore,2021,0.849,0.166,1,1,VALID,PASS
APP-2026-10253,HEALTHCARE,Maharashtra,Pune,2026,0.432,0.73,1,1,FLAGGED,FAIL
APP-2026-10254,HEALTHCARE,Tamil Nadu,Madurai,2023,0.947,0.271,1,1,VALID,PASS
APP-2026-10255,HOUSING,Tamil Nadu,Chennai,2023,0.923,0.147,1,1,VALID,PASS
APP-2026-10256,AGRICULTURE,Gujarat,Ahmedabad,2026,0.953,0.266,1,1,VALID,PASS
APP-2026-10257,PENSION,Tamil Nadu,Chennai,2021,0.786,0.077,1,1,VALID,PASS
APP-2026-10258,PENSION,Uttar Pradesh,Varanasi,2025,0.504,0.424,1,0,FLAGGED,MANUAL_REVIEW
APP-2026-10259,EDUCATION,Maharashtra,Nagpur,2024,0.564,0.596,1,1,EXPIRED,FAIL
APP-2026-10260,EDUCATION,Delhi,North Delhi,2024,0.98,0.139,1,1,VALID,PASS
APP-2026-10261,BUSINESS_LICENSE,Karnataka,Mysuru,2019,0.74,0.485,0,1,FLAGGED,MANUAL_REVIEW
APP-2026-10262,BUSINESS_LICENSE,Maharashtra,Nagpur,2020,0.953,0.188,1,1,VALID,PASS
APP-2026-10263,PENSION,Uttar Pradesh,Lucknow,2021,0.958,0.251,1,1,VALID,PASS
APP-2026-10264,PENSION,Maharashtra,Nagpur,2022,0.425,0.564,0,1,EXPIRED,FAIL
APP-2026-10265,BUSINESS_LICENSE,Tamil Nadu,Chennai,2022,0.808,0.237,1,1,VALID,PASS
APP-2026-10266,AGRICULTURE,Delhi,North Delhi,2020,0.476,0.584,0,1,EXPIRED,FAIL
APP-2026-10267,PENSION,Delhi,South Delhi,2024,0.331,0.823,0,0,EXPIRED,FAIL
APP-2026-10268,HOUSING,Tamil Nadu,Chennai,2024,0.898,0.227,1,1,VALID,PASS
APP-2026-10269,PENSION,Delhi,New Delhi,2024,0.677,0.48,0,0,VALID,MANUAL_REVIEW
APP-2026-10270,HOUSING,Delhi,North Delhi,2019,0.795,0.137,1,1,VALID,PASS
APP-2026-10271,HOUSING,Maharashtra,Mumbai,2019,0.772,0.175,1,1,VALID,PASS
APP-2026-10272,HOUSING,Maharashtra,Pune,2024,0.77,0.254,1,1,VALID,PASS
APP-2026-10273,HEALTHCARE,Uttar Pradesh,Varanasi,2020,0.547,0.353,0,0,VALID,MANUAL_REVIEW
APP-2026-10274,HOUSING,Delhi,North Delhi,2019,0.977,0.207,1,1,VALID,PASS
APP-2026-10275,AGRICULTURE,Karnataka,Mysuru,2019,0.752,0.123,1,1,VALID,PASS
APP-2026-10276,HOUSING,Delhi,North Delhi,2023,0.948,0.189,1,1,VALID,PASS
APP-2026-10277,EDUCATION,Delhi,South Delhi,2021,0.793,0.124,1,1,VALID,PASS
APP-2026-10278,BUSINESS_LICENSE,Gujarat,Vadodara,2025,0.513,0.69,1,0,FLAGGED,FAIL
APP-2026-10279,AGRICULTURE,Karnataka,Hubballi,2026,0.934,0.027,1,1,VALID,PASS
APP-2026-10280,BUSINESS_LICENSE,Karnataka,Mysuru,2022,0.228,0.915,0,0,EXPIRED,FAIL
APP-2026-10281,HEALTHCARE,Delhi,South Delhi,2020,0.721,0.3,1,1,FLAGGED,MANUAL_REVIEW
APP-2026-10282,BUSINESS_LICENSE,Tamil Nadu,Madurai,2018,0.344,0.935,0,0,EXPIRED,FAIL
APP-2026-10283,HEALTHCARE,Gujarat,Vadodara,2023,0.897,0.166,1,1,VALID,PASS
APP-2026-10284,BUSINESS_LICENSE,Tamil Nadu,Coimbatore,2024,0.774,0.078,1,1,VALID,PASS
APP-2026-10285,AGRICULTURE,Uttar Pradesh,Varanasi,2021,0.844,0.221,1,1,VALID,PASS
APP-2026-10286,AGRICULTURE,Karnataka,Mysuru,2018,0.821,0.259,1,1,VALID,PASS
APP-2026-10287,BUSINESS_LICENSE,Karnataka,Mysuru,2022,0.938,0.155,1,1,VALID,PASS
APP-2026-10288,PENSION,Tamil Nadu,Madurai,2025,0.822,0.231,1,1,VALID,PASS
APP-2026-10289,EDUCATION,Gujarat,Ahmedabad,2020,0.496,0.772,0,1,FLAGGED,FAIL
APP-2026-10290,HEALTHCARE,Tamil Nadu,Madurai,2020,0.908,0.123,1,1,VALID,PASS
APP-2026-10291,HEALTHCARE,Tamil Nadu,Madurai,2024,0.919,0.074,1,1,VALID,PASS
APP-2026-10292,PENSION,Uttar Pradesh,Lucknow,2026,0.828,0.139,1,1,VALID,PASS
APP-2026-10293,HOUSING,Uttar Pradesh,Varanasi,2023,0.671,0.438,0,1,FLAGGED,MANUAL_REVIEW
APP-2026-10294,BUSINESS_LICENSE,Gujarat,Surat,2019,0.588,0.344,0,1,VALID,MANUAL_REVIEW
APP-2026-10295,HOUSING,Uttar Pradesh,Lucknow,2024,0.867,0.16,1,1,VALID,PASS
APP-2026-10296,HEALTHCARE,Uttar Pradesh,Lucknow,2025,0.795,0.239,1,1,VALID,PASS
APP-2026-10297,EDUCATION,Maharashtra,Pune,2020,0.842,0.166,1,1,VALID,PASS
APP-2026-10298,HOUSING,Gujarat,Surat,2024,0.624,0.325,1,1,VALID,MANUAL_REVIEW
APP-2026-10299,EDUCATION,Karnataka,Hubballi,2022,0.86,0.213,1,1,VALID,PASS
APP-2026-10300,AGRICULTURE,Uttar Pradesh,Lucknow,2019,0.88,0.278,1,1,VALID,PASS
APP-2026-10301,PENSION,Gujarat,Surat,2026,0.852,0.211,1,1,VALID,PASS
APP-2026-10302,HEALTHCARE,Delhi,New Delhi,2025,0.957,0.043,1,1,VALID,PASS
APP-2026-10303,PENSION,Karnataka,Bengaluru,2023,0.444,0.734,0,0,EXPIRED,FAIL
APP-2026-10304,AGRICULTURE,Delhi,South Delhi,2022,0.547,0.544,0,1,FLAGGED,MANUAL_REVIEW
APP-2026-10305,BUSINESS_LICENSE,Maharashtra,Mumbai,2024,0.597,0.923,1,0,EXPIRED,FAIL
APP-2026-10306,EDUCATION,Karnataka,Hubballi,2024,0.889,0.09,1,1,VALID,PASS
APP-2026-10307,HOUSING,Maharashtra,Nagpur,2019,0.93,0.201,1,1,VALID,PASS
APP-2026-10308,HOUSING,Tamil Nadu,Coimbatore,2018,0.539,0.59,0,0,EXPIRED,FAIL
APP-2026-10309,PENSION,Uttar Pradesh,Kanpur,2021,0.53,0.763,0,1,EXPIRED,FAIL
APP-2026-10310,AGRICULTURE,Tamil Nadu,Coimbatore,2018,0.9,0.238,1,1,VALID,MANUAL_REVIEW
APP-2026-10311,HEALTHCARE,Tamil Nadu,Coimbatore,2018,0.371,0.978,0,0,FLAGGED,FAIL
APP-2026-10312,EDUCATION,Maharashtra,Nagpur,2023,0.839,0.255,1,1,VALID,PASS
APP-2026-10313,HOUSING,Gujarat,Surat,2021,0.772,0.045,1,1,VALID,PASS
APP-2026-10314,PENSION,Karnataka,Hubballi,2021,0.625,0.282,0,0,FLAGGED,MANUAL_REVIEW
APP-2026-10315,HOUSING,Maharashtra,Mumbai,2024,0.943,0.047,1,1,VALID,PASS
APP-2026-10316,EDUCATION,Karnataka,Mysuru,2020,0.69,0.298,1,1,VALID,MANUAL_REVIEW
APP-2026-10317,BUSINESS_LICENSE,Karnataka,Hubballi,2020,0.446,0.74,1,0,EXPIRED,FAIL
APP-2026-10318,AGRICULTURE,Gujarat,Surat,2023,0.326,0.61,1,1,EXPIRED,FAIL
APP-2026-10319,BUSINESS_LICENSE,Uttar Pradesh,Kanpur,2018,0.463,0.68,0,0,EXPIRED,FAIL
APP-2026-10320,BUSINESS_LICENSE,Maharashtra,Mumbai,2025,0.808,0.186,1,1,VALID,PASS
APP-2026-10321,PENSION,Delhi,North Delhi,2020,0.951,0.129,1,1,VALID,PASS
APP-2026-10322,HEALTHCARE,Tamil Nadu,Chennai,2018,0.504,0.338,1,1,FLAGGED,MANUAL_REVIEW
APP-2026-10323,BUSINESS_LICENSE,Gujarat,Vadodara,2024,0.847,0.187,1,1,VALID,PASS
APP-2026-10324,HEALTHCARE,Delhi,New Delhi,2022,0.971,0.273,1,1,VALID,PASS
APP-2026-10325,EDUCATION,Tamil Nadu,Madurai,2019,0.855,0.268,1,1,VALID,PASS
APP-2026-10326,HEALTHCARE,Maharashtra,Pune,2019,0.896,0.1,1,1,VALID,PASS
APP-2026-10327,BUSINESS_LICENSE,Karnataka,Bengaluru,2018,0.696,0.324,1,1,FLAGGED,MANUAL_REVIEW
APP-2026-10328,EDUCATION,Karnataka,Hubballi,2022,0.533,0.523,0,1,FLAGGED,MANUAL_REVIEW
APP-2026-10329,BUSINESS_LICENSE,Uttar Pradesh,Varanasi,2019,0.873,0.034,1,1,VALID,PASS
APP-2026-10330,HEALTHCARE,Delhi,New Delhi,2022,0.75,0.462,0,1,VALID,MANUAL_REVIEW
APP-2026-10331,PENSION,Karnataka,Bengaluru,2025,0.971,0.067,1,1,VALID,PASS
APP-2026-10332,PENSION,Uttar Pradesh,Varanasi,2024,0.81,0.258,1,1,VALID,PASS
APP-2026-10333,PENSION,Uttar Pradesh,Kanpur,2019,0.753,0.328,1,1,FLAGGED,MANUAL_REVIEW
APP-2026-10334,HOUSING,Delhi,North Delhi,2023,0.86,0.116,1,1,VALID,PASS
APP-2026-10335,EDUCATION,Gujarat,Vadodara,2021,0.892,0.148,1,1,VALID,PASS
APP-2026-10336,HEALTHCARE,Gujarat,Vadodara,2021,0.974,0.026,1,1,VALID,PASS
APP-2026-10337,BUSINESS_LICENSE,Gujarat,Ahmedabad,2023,0.908,0.241,1,1,VALID,PASS
APP-2026-10338,PENSION,Karnataka,Hubballi,2021,0.981,0.273,1,1,VALID,PASS
APP-2026-10339,EDUCATION,Maharashtra,Mumbai,2021,0.408,0.851,0,0,EXPIRED,FAIL
APP-2026-10340,AGRICULTURE,Karnataka,Hubballi,2024,0.886,0.133,1,1,VALID,PASS
APP-2026-10341,HEALTHCARE,Delhi,North Delhi,2023,0.357,0.908,0,0,EXPIRED,FAIL
APP-2026-10342,HEALTHCARE,Karnataka,Hubballi,2019,0.789,0.141,1,1,VALID,PASS
APP-2026-10343,AGRICULTURE,Delhi,New Delhi,2025,0.814,0.051,1,1,VALID,PASS
APP-2026-10344,BUSINESS_LICENSE,Delhi,South Delhi,2018,0.956,0.059,1,1,VALID,PASS
APP-2026-10345,EDUCATION,Tamil Nadu,Madurai,2018,0.573,0.547,0,1,FLAGGED,MANUAL_REVIEW
APP-2026-10346,AGRICULTURE,Karnataka,Bengaluru,2025,0.941,0.052,1,1,VALID,PASS
APP-2026-10347,HEALTHCARE,Karnataka,Bengaluru,2024,0.901,0.188,1,1,VALID,PASS
APP-2026-10348,EDUCATION,Maharashtra,Mumbai,2019,0.905,0.23,1,1,VALID,PASS
APP-2026-10349,EDUCATION,Maharashtra,Mumbai,2025,0.972,0.133,1,1,VALID,PASS
APP-2026-10350,HOUSING,Maharashtra,Pune,2024,0.802,0.069,1,1,VALID,PASS
APP-2026-10351,HEALTHCARE,Maharashtra,Nagpur,2021,0.64,0.518,1,0,FLAGGED,MANUAL_REVIEW
APP-2026-10352,HEALTHCARE,Gujarat,Vadodara,2021,0.725,0.495,1,1,FLAGGED,MANUAL_REVIEW
APP-2026-10353,HOUSING,Delhi,South Delhi,2026,0.815,0.027,1,1,VALID,PASS
APP-2026-10354,PENSION,Delhi,New Delhi,2025,0.715,0.55,1,0,FLAGGED,MANUAL_REVIEW
APP-2026-10355,AGRICULTURE,Gujarat,Ahmedabad,2021,0.775,0.385,1,1,VALID,MANUAL_REVIEW
APP-2026-10356,AGRICULTURE,Delhi,South Delhi,2023,0.211,0.851,0,0,EXPIRED,FAIL
APP-2026-10357,HOUSING,Uttar Pradesh,Kanpur,2020,0.772,0.08,1,1,VALID,PASS
APP-2026-10358,AGRICULTURE,Tamil Nadu,Chennai,2023,0.281,0.606,0,0,FLAGGED,FAIL
APP-2026-10359,HEALTHCARE,Uttar Pradesh,Varanasi,2020,0.737,0.512,1,1,FLAGGED,MANUAL_REVIEW
APP-2026-10360,PENSION,Delhi,North Delhi,2023,0.788,0.267,1,1,VALID,PASS
APP-2026-10361,HOUSING,Gujarat,Surat,2020,0.657,0.52,1,1,FLAGGED,MANUAL_REVIEW
APP-2026-10362,HEALTHCARE,Tamil Nadu,Coimbatore,2022,0.925,0.267,1,1,VALID,PASS
APP-2026-10363,HOUSING,Uttar Pradesh,Lucknow,2020,0.758,0.541,0,1,FLAGGED,MANUAL_REVIEW
APP-2026-10364,BUSINESS_LICENSE,Maharashtra,Mumbai,2023,0.267,0.931,1,0,EXPIRED,FAIL
APP-2026-10365,EDUCATION,Tamil Nadu,Chennai,2022,0.916,0.111,1,1,VALID,PASS
APP-2026-10366,BUSINESS_LICENSE,Maharashtra,Mumbai,2024,0.851,0.063,1,1,VALID,PASS
APP-2026-10367,HOUSING,Delhi,South Delhi,2024,0.865,0.245,1,1,VALID,PASS
APP-2026-10368,BUSINESS_LICENSE,Karnataka,Bengaluru,2025,0.953,0.097,1,1,VALID,PASS
APP-2026-10369,PENSION,Maharashtra,Pune,2020,0.264,0.582,0,0,FLAGGED,FAIL
APP-2026-10370,AGRICULTURE,Tamil Nadu,Madurai,2018,0.907,0.178,1,1,VALID,PASS
APP-2026-10371,PENSION,Maharashtra,Pune,2021,0.364,0.788,0,0,EXPIRED,FAIL
APP-2026-10372,HEALTHCARE,Maharashtra,Mumbai,2024,0.735,0.321,1,1,FLAGGED,MANUAL_REVIEW
APP-2026-10373,BUSINESS_LICENSE,Uttar Pradesh,Kanpur,2021,0.8,0.186,1,1,VALID,PASS
APP-2026-10374,HOUSING,Maharashtra,Pune,2024,0.965,0.089,1,1,VALID,PASS
APP-2026-10375,HOUSING,Karnataka,Mysuru,2024,0.857,0.088,1,1,VALID,PASS
APP-2026-10376,HEALTHCARE,Delhi,South Delhi,2018,0.917,0.045,1,1,VALID,PASS
APP-2026-10377,AGRICULTURE,Tamil Nadu,Madurai,2021,0.735,0.501,1,1,FLAGGED,MANUAL_REVIEW
APP-2026-10378,HEALTHCARE,Tamil Nadu,Coimbatore,2019,0.955,0.029,1,1,VALID,PASS
APP-2026-10379,AGRICULTURE,Uttar Pradesh,Varanasi,2020,0.932,0.065,1,1,VALID,PASS
APP-2026-10380,HEALTHCARE,Karnataka,Bengaluru,2018,0.987,0.133,1,1,VALID,PASS
APP-2026-10381,BUSINESS_LICENSE,Karnataka,Hubballi,2022,0.925,0.23,1,1,VALID,PASS
APP-2026-10382,AGRICULTURE,Tamil Nadu,Madurai,2023,0.408,0.944,1,0,EXPIRED,FAIL
APP-2026-10383,HOUSING,Maharashtra,Pune,2020,0.891,0.217,1,1,VALID,PASS
APP-2026-10384,PENSION,Uttar Pradesh,Lucknow,2022,0.552,0.927,1,0,EXPIRED,FAIL
APP-2026-10385,PENSION,Karnataka,Mysuru,2024,0.896,0.2,1,1,VALID,PASS
APP-2026-10386,EDUCATION,Gujarat,Ahmedabad,2018,0.758,0.522,0,1,FLAGGED,MANUAL_REVIEW
APP-2026-10387,HOUSING,Gujarat,Vadodara,2019,0.291,0.679,0,0,FLAGGED,FAIL
APP-2026-10388,HOUSING,Uttar Pradesh,Varanasi,2019,0.801,0.234,1,1,VALID,PASS
APP-2026-10389,AGRICULTURE,Delhi,New Delhi,2026,0.226,0.855,0,0,EXPIRED,FAIL
APP-2026-10390,PENSION,Karnataka,Bengaluru,2021,0.3,0.746,0,0,FLAGGED,FAIL
APP-2026-10391,HOUSING,Uttar Pradesh,Kanpur,2019,0.568,0.412,1,1,FLAGGED,MANUAL_REVIEW
APP-2026-10392,EDUCATION,Delhi,New Delhi,2022,0.693,0.357,1,0,FLAGGED,MANUAL_REVIEW
APP-2026-10393,HEALTHCARE,Karnataka,Hubballi,2021,0.575,0.391,0,1,FLAGGED,FAIL
APP-2026-10394,HEALTHCARE,Gujarat,Ahmedabad,2018,0.896,0.265,1,1,VALID,PASS
APP-2026-10395,BUSINESS_LICENSE,Gujarat,Surat,2024,0.541,0.747,1,1,EXPIRED,FAIL
APP-2026-10396,HOUSING,Uttar Pradesh,Lucknow,2018,0.685,0.508,1,1,FLAGGED,MANUAL_REVIEW
APP-2026-10397,BUSINESS_LICENSE,Maharashtra,Pune,2019,0.816,0.105,1,1,VALID,PASS
APP-2026-10398,BUSINESS_LICENSE,Gujarat,Vadodara,2022,0.874,0.082,1,1,VALID,PASS
APP-2026-10399,AGRICULTURE,Tamil Nadu,Madurai,2023,0.702,0.457,1,1,FLAGGED,MANUAL_REVIEW
APP-2026-10400,BUSINESS_LICENSE,Maharashtra,Nagpur,2021,0.921,0.198,1,1,VALID,PASS
APP-2026-10401,HOUSING,Gujarat,Surat,2026,0.791,0.191,1,1,VALID,PASS
APP-2026-10402,EDUCATION,Maharashtra,Pune,2020,0.703,0.431,1,1,FLAGGED,MANUAL_REVIEW
APP-2026-10403,HEALTHCARE,Delhi,New Delhi,2022,0.963,0.117,1,1,VALID,PASS
APP-2026-10404,HOUSING,Maharashtra,Pune,2018,0.433,0.956,1,0,EXPIRED,FAIL
APP-2026-10405,BUSINESS_LICENSE,Tamil Nadu,Madurai,2022,0.959,0.059,1,1,VALID,PASS
APP-2026-10406,EDUCATION,Tamil Nadu,Madurai,2025,0.957,0.067,1,1,VALID,PASS
APP-2026-10407,EDUCATION,Gujarat,Ahmedabad,2023,0.501,0.354,1,0,VALID,MANUAL_REVIEW
APP-2026-10408,PENSION,Karnataka,Hubballi,2024,0.613,0.541,1,0,VALID,MANUAL_REVIEW
APP-2026-10409,PENSION,Delhi,South Delhi,2021,0.751,0.211,1,1,VALID,PASS
APP-2026-10410,EDUCATION,Delhi,New Delhi,2019,0.891,0.063,1,1,VALID,PASS
APP-2026-10411,EDUCATION,Delhi,North Delhi,2026,0.595,0.52,1,1,FLAGGED,MANUAL_REVIEW
APP-2026-10412,HEALTHCARE,Karnataka,Mysuru,2018,0.925,0.054,1,1,VALID,PASS
APP-2026-10413,AGRICULTURE,Uttar Pradesh,Lucknow,2019,0.906,0.03,1,1,VALID,PASS
APP-2026-10414,EDUCATION,Uttar Pradesh,Varanasi,2018,0.513,0.309,1,0,VALID,MANUAL_REVIEW
APP-2026-10415,HOUSING,Maharashtra,Nagpur,2022,0.787,0.201,1,1,VALID,PASS
APP-2026-10416,EDUCATION,Tamil Nadu,Madurai,2019,0.576,0.444,0,1,VALID,MANUAL_REVIEW
APP-2026-10417,AGRICULTURE,Maharashtra,Pune,2019,0.399,0.812,0,0,EXPIRED,FAIL
APP-2026-10418,HOUSING,Delhi,New Delhi,2018,0.755,0.466,1,0,VALID,MANUAL_REVIEW
APP-2026-10419,PENSION,Uttar Pradesh,Varanasi,2025,0.772,0.153,1,1,VALID,PASS
APP-2026-10420,PENSION,Delhi,South Delhi,2021,0.985,0.089,1,1,VALID,PASS
APP-2026-10421,HEALTHCARE,Maharashtra,Pune,2023,0.325,0.868,1,0,EXPIRED,MANUAL_REVIEW
APP-2026-10422,HEALTHCARE,Gujarat,Vadodara,2020,0.965,0.268,1,1,VALID,PASS
APP-2026-10423,BUSINESS_LICENSE,Maharashtra,Pune,2023,0.846,0.27,1,1,VALID,PASS
APP-2026-10424,HOUSING,Gujarat,Surat,2024,0.723,0.311,1,0,VALID,MANUAL_REVIEW
APP-2026-10425,AGRICULTURE,Tamil Nadu,Madurai,2025,0.841,0.113,1,1,VALID,MANUAL_REVIEW
APP-2026-10426,BUSINESS_LICENSE,Gujarat,Ahmedabad,2025,0.245,0.727,1,1,FLAGGED,MANUAL_REVIEW
APP-2026-10427,BUSINESS_LICENSE,Uttar Pradesh,Varanasi,2021,0.468,0.695,0,0,EXPIRED,FAIL
APP-2026-10428,BUSINESS_LICENSE,Karnataka,Mysuru,2023,0.68,0.32,1,1,FLAGGED,MANUAL_REVIEW
APP-2026-10429,BUSINESS_LICENSE,Karnataka,Hubballi,2025,0.548,0.582,0,1,FLAGGED,FAIL
APP-2026-10430,HEALTHCARE,Uttar Pradesh,Varanasi,2024,0.806,0.139,1,1,VALID,PASS
APP-2026-10431,HOUSING,Maharashtra,Pune,2025,0.985,0.214,1,1,VALID,MANUAL_REVIEW
APP-2026-10432,HOUSING,Tamil Nadu,Chennai,2026,0.731,0.494,1,1,FLAGGED,MANUAL_REVIEW
APP-2026-10433,BUSINESS_LICENSE,Gujarat,Surat,2023,0.763,0.078,1,1,VALID,PASS
APP-2026-10434,AGRICULTURE,Uttar Pradesh,Varanasi,2025,0.602,0.402,0,1,VALID,MANUAL_REVIEW
APP-2026-10435,BUSINESS_LICENSE,Delhi,South Delhi,2026,0.776,0.253,1,1,VALID,PASS
APP-2026-10436,BUSINESS_LICENSE,Gujarat,Vadodara,2024,0.897,0.069,1,1,VALID,PASS
APP-2026-10437,HOUSING,Karnataka,Mysuru,2021,0.53,0.392,1,1,FLAGGED,MANUAL_REVIEW
APP-2026-10438,HOUSING,Tamil Nadu,Madurai,2026,0.87,0.158,1,1,VALID,PASS
APP-2026-10439,HOUSING,Uttar Pradesh,Kanpur,2026,0.564,0.847,1,0,EXPIRED,FAIL
APP-2026-10440,AGRICULTURE,Uttar Pradesh,Kanpur,2026,0.367,0.812,0,1,FLAGGED,FAIL
APP-2026-10441,EDUCATION,Tamil Nadu,Chennai,2020,0.918,0.215,1,1,VALID,PASS
APP-2026-10442,BUSINESS_LICENSE,Uttar Pradesh,Kanpur,2026,0.556,0.449,0,1,FLAGGED,MANUAL_REVIEW
APP-2026-10443,BUSINESS_LICENSE,Gujarat,Ahmedabad,2026,0.678,0.472,1,1,FLAGGED,MANUAL_REVIEW
APP-2026-10444,BUSINESS_LICENSE,Gujarat,Surat,2026,0.953,0.23,1,1,VALID,PASS
APP-2026-10445,PENSION,Tamil Nadu,Chennai,2018,0.556,0.483,0,1,FLAGGED,MANUAL_REVIEW
APP-2026-10446,PENSION,Gujarat,Surat,2021,0.509,0.5,0,1,FLAGGED,MANUAL_REVIEW
APP-2026-10447,HEALTHCARE,Gujarat,Vadodara,2026,0.873,0.227,1,1,VALID,PASS
APP-2026-10448,BUSINESS_LICENSE,Gujarat,Ahmedabad,2024,0.98,0.274,1,1,VALID,PASS
APP-2026-10449,AGRICULTURE,Maharashtra,Mumbai,2022,0.959,0.244,1,1,VALID,PASS
APP-2026-10450,HEALTHCARE,Gujarat,Vadodara,2023,0.653,0.443,1,1,FLAGGED,MANUAL_REVIEW
APP-2026-10451,BUSINESS_LICENSE,Maharashtra,Mumbai,2020,0.533,0.291,0,1,VALID,MANUAL_REVIEW
APP-2026-10452,EDUCATION,Maharashtra,Pune,2025,0.543,0.321,0,0,FLAGGED,MANUAL_REVIEW
APP-2026-10453,BUSINESS_LICENSE,Delhi,North Delhi,2026,0.938,0.103,1,1,VALID,PASS
APP-2026-10454,HEALTHCARE,Uttar Pradesh,Lucknow,2026,0.88,0.125,1,1,VALID,PASS
APP-2026-10455,HEALTHCARE,Gujarat,Surat,2023,0.802,0.216,1,1,VALID,PASS
APP-2026-10456,AGRICULTURE,Gujarat,Ahmedabad,2019,0.625,0.524,1,1,VALID,MANUAL_REVIEW
APP-2026-10457,EDUCATION,Tamil Nadu,Chennai,2024,0.924,0.026,1,1,VALID,PASS
APP-2026-10458,EDUCATION,Uttar Pradesh,Varanasi,2025,0.821,0.189,1,1,VALID,PASS
APP-2026-10459,PENSION,Maharashtra,Mumbai,2026,0.676,0.337,1,0,FLAGGED,MANUAL_REVIEW
APP-2026-10460,PENSION,Karnataka,Hubballi,2024,0.763,0.482,0,1,FLAGGED,FAIL
APP-2026-10461,PENSION,Maharashtra,Mumbai,2022,0.661,0.341,0,1,FLAGGED,MANUAL_REVIEW
APP-2026-10462,EDUCATION,Maharashtra,Pune,2019,0.68,0.447,1,1,FLAGGED,MANUAL_REVIEW
APP-2026-10463,EDUCATION,Uttar Pradesh,Lucknow,2022,0.321,0.587,0,0,FLAGGED,FAIL
APP-2026-10464,PENSION,Tamil Nadu,Chennai,2026,0.929,0.227,1,1,VALID,PASS
APP-2026-10465,EDUCATION,Gujarat,Ahmedabad,2022,0.756,0.495,1,1,VALID,MANUAL_REVIEW
APP-2026-10466,AGRICULTURE,Karnataka,Bengaluru,2018,0.893,0.16,1,1,VALID,PASS
APP-2026-10467,EDUCATION,Karnataka,Hubballi,2023,0.967,0.241,1,1,VALID,PASS
APP-2026-10468,HEALTHCARE,Karnataka,Hubballi,2022,0.794,0.228,1,1,VALID,PASS
APP-2026-10469,AGRICULTURE,Tamil Nadu,Madurai,2026,0.911,0.085,1,1,VALID,PASS
APP-2026-10470,AGRICULTURE,Tamil Nadu,Coimbatore,2023,0.907,0.046,1,1,VALID,PASS
APP-2026-10471,HEALTHCARE,Delhi,North Delhi,2025,0.908,0.2,1,1,VALID,PASS
APP-2026-10472,AGRICULTURE,Delhi,North Delhi,2024,0.825,0.224,1,1,VALID,PASS
APP-2026-10473,BUSINESS_LICENSE,Tamil Nadu,Coimbatore,2023,0.926,0.248,1,1,VALID,PASS
APP-2026-10474,EDUCATION,Delhi,North Delhi,2026,0.905,0.041,1,1,VALID,PASS
APP-2026-10475,HEALTHCARE,Uttar Pradesh,Lucknow,2022,0.675,0.476,1,1,FLAGGED,FAIL
APP-2026-10476,AGRICULTURE,Uttar Pradesh,Kanpur,2021,0.421,0.784,0,0,EXPIRED,FAIL
APP-2026-10477,HEALTHCARE,Uttar Pradesh,Varanasi,2022,0.87,0.044,1,1,VALID,PASS
APP-2026-10478,PENSION,Gujarat,Ahmedabad,2020,0.539,0.323,1,1,VALID,MANUAL_REVIEW
APP-2026-10479,HOUSING,Delhi,New Delhi,2021,0.565,0.351,0,1,FLAGGED,MANUAL_REVIEW
APP-2026-10480,EDUCATION,Tamil Nadu,Coimbatore,2025,0.216,0.829,1,0,EXPIRED,FAIL
APP-2026-10481,BUSINESS_LICENSE,Delhi,South Delhi,2026,0.605,0.382,1,1,VALID,MANUAL_REVIEW
APP-2026-10482,HOUSING,Karnataka,Hubballi,2024,0.958,0.147,1,1,VALID,PASS
APP-2026-10483,AGRICULTURE,Maharashtra,Nagpur,2020,0.805,0.154,1,1,VALID,PASS
APP-2026-10484,HEALTHCARE,Karnataka,Bengaluru,2023,0.729,0.458,1,1,VALID,MANUAL_REVIEW
APP-2026-10485,HOUSING,Tamil Nadu,Chennai,2020,0.615,0.346,0,1,VALID,MANUAL_REVIEW
APP-2026-10486,PENSION,Uttar Pradesh,Lucknow,2018,0.971,0.154,1,1,VALID,PASS
APP-2026-10487,AGRICULTURE,Gujarat,Ahmedabad,2022,0.287,0.811,0,0,EXPIRED,FAIL
APP-2026-10488,AGRICULTURE,Karnataka,Hubballi,2020,0.643,0.325,1,1,FLAGGED,MANUAL_REVIEW
APP-2026-10489,HEALTHCARE,Tamil Nadu,Coimbatore,2020,0.799,0.243,1,1,VALID,PASS
APP-2026-10490,HOUSING,Karnataka,Hubballi,2019,0.966,0.176,1,1,VALID,PASS
APP-2026-10491,AGRICULTURE,Uttar Pradesh,Lucknow,2019,0.781,0.177,1,1,VALID,PASS
APP-2026-10492,BUSINESS_LICENSE,Gujarat,Surat,2026,0.96,0.201,1,1,VALID,PASS
APP-2026-10493,HOUSING,Tamil Nadu,Coimbatore,2019,0.811,0.219,1,1,VALID,PASS
APP-2026-10494,PENSION,Delhi,South Delhi,2026,0.795,0.204,1,1,VALID,PASS
APP-2026-10495,AGRICULTURE,Uttar Pradesh,Lucknow,2026,0.907,0.199,1,1,VALID,PASS
APP-2026-10496,EDUCATION,Maharashtra,Mumbai,2024,0.571,0.511,1,1,FLAGGED,MANUAL_REVIEW
APP-2026-10497,HOUSING,Karnataka,Mysuru,2026,0.393,0.709,0,1,FLAGGED,FAIL
APP-2026-10498,BUSINESS_LICENSE,Tamil Nadu,Madurai,2020,0.464,0.872,0,0,EXPIRED,FAIL
APP-2026-10499,AGRICULTURE,Tamil Nadu,Coimbatore,2026,0.692,0.294,1,1,VALID,MANUAL_REVIEW
APP-2026-10500,HOUSING,Uttar Pradesh,Kanpur,2019,0.803,0.041,1,1,VALID,PASS
APP-2026-10501,HOUSING,Tamil Nadu,Madurai,2026,0.981,0.035,1,1,VALID,PASS
APP-2026-10502,HEALTHCARE,Gujarat,Surat,2025,0.954,0.262,1,1,VALID,PASS
APP-2026-10503,HEALTHCARE,Maharashtra,Nagpur,2026,0.565,0.326,0,0,VALID,MANUAL_REVIEW
APP-2026-10504,PENSION,Delhi,North Delhi,2023,0.614,0.334,0,1,VALID,MANUAL_REVIEW
APP-2026-10505,BUSINESS_LICENSE,Uttar Pradesh,Varanasi,2023,0.946,0.079,1,1,VALID,PASS
APP-2026-10506,HOUSING,Tamil Nadu,Madurai,2018,0.848,0.048,1,1,VALID,PASS
APP-2026-10507,EDUCATION,Delhi,New Delhi,2026,0.55,0.9,0,0,FLAGGED,FAIL
APP-2026-10508,HEALTHCARE,Delhi,North Delhi,2025,0.545,0.757,1,1,EXPIRED,FAIL
APP-2026-10509,HEALTHCARE,Delhi,North Delhi,2023,0.503,0.505,0,0,FLAGGED,MANUAL_REVIEW
APP-2026-10510,EDUCATION,Maharashtra,Nagpur,2020,0.835,0.253,1,1,VALID,PASS
APP-2026-10511,BUSINESS_LICENSE,Gujarat,Ahmedabad,2025,0.566,0.345,0,0,VALID,MANUAL_REVIEW
APP-2026-10512,EDUCATION,Karnataka,Bengaluru,2019,0.47,0.835,0,0,EXPIRED,FAIL
APP-2026-10513,HOUSING,Delhi,South Delhi,2023,0.986,0.253,1,1,VALID,PASS
APP-2026-10514,HOUSING,Karnataka,Hubballi,2022,0.93,0.053,1,1,VALID,PASS
APP-2026-10515,HOUSING,Tamil Nadu,Madurai,2018,0.61,0.465,0,1,FLAGGED,MANUAL_REVIEW
APP-2026-10516,EDUCATION,Gujarat,Ahmedabad,2018,0.606,0.307,1,1,VALID,MANUAL_REVIEW
APP-2026-10517,HEALTHCARE,Delhi,North Delhi,2023,0.87,0.075,1,1,VALID,PASS
APP-2026-10518,EDUCATION,Delhi,North Delhi,2022,0.887,0.275,1,1,VALID,PASS
APP-2026-10519,PENSION,Gujarat,Surat,2021,0.74,0.333,1,1,FLAGGED,MANUAL_REVIEW
APP-2026-10520,HEALTHCARE,Tamil Nadu,Coimbatore,2020,0.54,0.772,0,0,FLAGGED,FAIL
APP-2026-10521,AGRICULTURE,Maharashtra,Pune,2019,0.517,0.5,1,1,FLAGGED,MANUAL_REVIEW
APP-2026-10522,EDUCATION,Delhi,North Delhi,2026,0.727,0.373,1,1,FLAGGED,MANUAL_REVIEW
APP-2026-10523,HEALTHCARE,Uttar Pradesh,Varanasi,2026,0.937,0.112,1,1,VALID,PASS
APP-2026-10524,HOUSING,Gujarat,Surat,2019,0.819,0.184,1,1,VALID,PASS
APP-2026-10525,HEALTHCARE,Gujarat,Surat,2024,0.66,0.509,0,0,VALID,MANUAL_REVIEW
APP-2026-10526,BUSINESS_LICENSE,Delhi,South Delhi,2022,0.611,0.52,1,1,FLAGGED,MANUAL_REVIEW
APP-2026-10527,HOUSING,Tamil Nadu,Chennai,2020,0.25,0.651,1,0,EXPIRED,FAIL
APP-2026-10528,HEALTHCARE,Tamil Nadu,Chennai,2019,0.961,0.163,1,1,VALID,MANUAL_REVIEW
APP-2026-10529,HOUSING,Uttar Pradesh,Lucknow,2019,0.787,0.19,1,1,VALID,PASS
APP-2026-10530,EDUCATION,Karnataka,Bengaluru,2022,0.78,0.157,1,1,VALID,PASS
APP-2026-10531,PENSION,Gujarat,Surat,2023,0.387,0.924,0,0,EXPIRED,FAIL
APP-2026-10532,BUSINESS_LICENSE,Uttar Pradesh,Lucknow,2025,0.678,0.432,1,1,FLAGGED,MANUAL_REVIEW
APP-2026-10533,HOUSING,Uttar Pradesh,Lucknow,2019,0.838,0.088,1,1,VALID,PASS
APP-2026-10534,PENSION,Uttar Pradesh,Lucknow,2023,0.878,0.199,1,1,VALID,PASS
APP-2026-10535,HOUSING,Delhi,New Delhi,2024,0.439,0.893,0,1,EXPIRED,FAIL
APP-2026-10536,HEALTHCARE,Karnataka,Hubballi,2024,0.288,0.584,0,0,EXPIRED,FAIL
APP-2026-10537,BUSINESS_LICENSE,Delhi,North Delhi,2026,0.365,0.917,1,1,EXPIRED,FAIL
APP-2026-10538,HOUSING,Delhi,South Delhi,2025,0.755,0.033,1,1,VALID,PASS
APP-2026-10539,HEALTHCARE,Maharashtra,Pune,2022,0.855,0.022,1,1,VALID,PASS
APP-2026-10540,PENSION,Tamil Nadu,Chennai,2023,0.939,0.15,1,1,VALID,PASS
APP-2026-10541,BUSINESS_LICENSE,Maharashtra,Pune,2019,0.581,0.574,0,1,FLAGGED,FAIL
APP-2026-10542,EDUCATION,Tamil Nadu,Chennai,2019,0.486,0.715,0,1,EXPIRED,FAIL
APP-2026-10543,BUSINESS_LICENSE,Maharashtra,Nagpur,2021,0.914,0.101,1,1,VALID,PASS
APP-2026-10544,BUSINESS_LICENSE,Gujarat,Ahmedabad,2026,0.571,0.452,0,1,FLAGGED,MANUAL_REVIEW
APP-2026-10545,PENSION,Karnataka,Hubballi,2024,0.79,0.092,1,1,VALID,PASS
APP-2026-10546,HEALTHCARE,Maharashtra,Mumbai,2025,0.543,0.488,0,1,FLAGGED,MANUAL_REVIEW
APP-2026-10547,BUSINESS_LICENSE,Maharashtra,Mumbai,2023,0.696,0.494,0,0,FLAGGED,MANUAL_REVIEW
APP-2026-10548,EDUCATION,Tamil Nadu,Madurai,2021,0.841,0.208,1,1,VALID,PASS
APP-2026-10549,PENSION,Tamil Nadu,Madurai,2025,0.652,0.412,1,1,FLAGGED,MANUAL_REVIEW
APP-2026-10550,EDUCATION,Uttar Pradesh,Varanasi,2020,0.787,0.097,1,1,VALID,PASS
APP-2026-10551,EDUCATION,Tamil Nadu,Chennai,2026,0.795,0.025,1,1,VALID,PASS
APP-2026-10552,AGRICULTURE,Karnataka,Mysuru,2019,0.651,0.385,1,1,FLAGGED,MANUAL_REVIEW
APP-2026-10553,EDUCATION,Delhi,North Delhi,2023,0.876,0.037,1,1,VALID,PASS
APP-2026-10554,HEALTHCARE,Karnataka,Bengaluru,2021,0.796,0.028,1,1,VALID,PASS
APP-2026-10555,HOUSING,Gujarat,Surat,2026,0.665,0.293,0,1,VALID,MANUAL_REVIEW
APP-2026-10556,HEALTHCARE,Gujarat,Surat,2019,0.903,0.114,1,1,VALID,PASS
APP-2026-10557,HOUSING,Delhi,South Delhi,2018,0.306,0.567,1,1,EXPIRED,FAIL
APP-2026-10558,PENSION,Maharashtra,Nagpur,2021,0.553,0.422,0,1,VALID,MANUAL_REVIEW
APP-2026-10559,AGRICULTURE,Tamil Nadu,Madurai,2019,0.661,0.462,1,1,VALID,MANUAL_REVIEW
APP-2026-10560,HEALTHCARE,Uttar Pradesh,Kanpur,2026,0.788,0.28,1,1,VALID,PASS
APP-2026-10561,EDUCATION,Delhi,South Delhi,2023,0.365,0.822,0,1,EXPIRED,FAIL
APP-2026-10562,HEALTHCARE,Tamil Nadu,Madurai,2022,0.859,0.27,1,1,VALID,MANUAL_REVIEW
APP-2026-10563,PENSION,Delhi,South Delhi,2018,0.778,0.361,0,0,FLAGGED,FAIL
APP-2026-10564,BUSINESS_LICENSE,Delhi,South Delhi,2026,0.759,0.322,0,1,VALID,MANUAL_REVIEW
APP-2026-10565,AGRICULTURE,Karnataka,Bengaluru,2022,0.237,0.722,0,0,EXPIRED,FAIL
APP-2026-10566,HOUSING,Karnataka,Mysuru,2019,0.584,0.477,1,0,VALID,MANUAL_REVIEW
APP-2026-10567,EDUCATION,Delhi,North Delhi,2024,0.248,0.881,0,0,EXPIRED,FAIL
APP-2026-10568,BUSINESS_LICENSE,Tamil Nadu,Chennai,2022,0.589,0.433,0,1,VALID,MANUAL_REVIEW
APP-2026-10569,BUSINESS_LICENSE,Tamil Nadu,Coimbatore,2026,0.854,0.224,1,1,VALID,PASS
APP-2026-10570,EDUCATION,Maharashtra,Pune,2018,0.574,0.388,1,1,VALID,MANUAL_REVIEW
APP-2026-10571,HEALTHCARE,Tamil Nadu,Coimbatore,2021,0.779,0.422,0,1,FLAGGED,MANUAL_REVIEW
APP-2026-10572,AGRICULTURE,Maharashtra,Mumbai,2024,0.834,0.103,1,1,VALID,PASS
APP-2026-10573,PENSION,Delhi,New Delhi,2023,0.777,0.399,0,0,VALID,MANUAL_REVIEW
APP-2026-10574,EDUCATION,Karnataka,Hubballi,2019,0.763,0.267,1,1,VALID,PASS
APP-2026-10575,EDUCATION,Maharashtra,Pune,2019,0.863,0.106,1,1,VALID,PASS
APP-2026-10576,HEALTHCARE,Karnataka,Hubballi,2026,0.654,0.448,1,1,FLAGGED,FAIL
APP-2026-10577,AGRICULTURE,Gujarat,Vadodara,2018,0.764,0.072,1,1,VALID,PASS
APP-2026-10578,EDUCATION,Maharashtra,Pune,2018,0.908,0.192,1,1,VALID,PASS
APP-2026-10579,EDUCATION,Maharashtra,Mumbai,2022,0.46,0.649,0,0,EXPIRED,FAIL
APP-2026-10580,HOUSING,Uttar Pradesh,Varanasi,2019,0.87,0.139,1,1,VALID,PASS
APP-2026-10581,PENSION,Maharashtra,Mumbai,2026,0.868,0.214,1,1,VALID,MANUAL_REVIEW
APP-2026-10582,BUSINESS_LICENSE,Delhi,North Delhi,2022,0.985,0.15,1,1,VALID,PASS
APP-2026-10583,BUSINESS_LICENSE,Delhi,North Delhi,2018,0.58,0.647,0,1,EXPIRED,FAIL
APP-2026-10584,HOUSING,Uttar Pradesh,Varanasi,2021,0.887,0.131,1,1,VALID,PASS
APP-2026-10585,AGRICULTURE,Delhi,North Delhi,2026,0.907,0.171,1,1,VALID,PASS
APP-2026-10586,HEALTHCARE,Karnataka,Mysuru,2026,0.372,0.941,0,0,EXPIRED,FAIL
APP-2026-10587,EDUCATION,Maharashtra,Nagpur,2026,0.247,0.687,0,0,FLAGGED,FAIL
APP-2026-10588,HOUSING,Tamil Nadu,Coimbatore,2025,0.73,0.452,1,0,VALID,MANUAL_REVIEW
APP-2026-10589,HEALTHCARE,Maharashtra,Nagpur,2022,0.671,0.441,0,0,VALID,MANUAL_REVIEW
APP-2026-10590,HOUSING,Karnataka,Hubballi,2025,0.605,0.51,1,0,VALID,MANUAL_REVIEW
APP-2026-10591,HOUSING,Maharashtra,Pune,2024,0.911,0.073,1,1,VALID,PASS
APP-2026-10592,HEALTHCARE,Tamil Nadu,Madurai,2025,0.743,0.52,1,1,FLAGGED,MANUAL_REVIEW
APP-2026-10593,HOUSING,Gujarat,Surat,2024,0.708,0.44,1,1,VALID,MANUAL_REVIEW
APP-2026-10594,HOUSING,Tamil Nadu,Chennai,2021,0.611,0.478,1,1,FLAGGED,MANUAL_REVIEW
APP-2026-10595,HEALTHCARE,Delhi,North Delhi,2024,0.509,0.673,1,1,EXPIRED,FAIL
APP-2026-10596,HEALTHCARE,Tamil Nadu,Madurai,2025,0.87,0.067,1,1,VALID,PASS
APP-2026-10597,BUSINESS_LICENSE,Uttar Pradesh,Lucknow,2024,0.858,0.067,1,1,VALID,PASS
APP-2026-10598,BUSINESS_LICENSE,Karnataka,Mysuru,2019,0.916,0.256,1,1,VALID,PASS
APP-2026-10599,BUSINESS_LICENSE,Gujarat,Ahmedabad,2019,0.858,0.114,1,1,VALID,PASS
APP-2026-10600,HOUSING,Gujarat,Vadodara,2020,0.841,0.22,1,1,VALID,PASS
APP-2026-10601,AGRICULTURE,Gujarat,Ahmedabad,2020,0.272,0.856,0,1,FLAGGED,FAIL
APP-2026-10602,HEALTHCARE,Maharashtra,Mumbai,2021,0.934,0.023,1,1,VALID,PASS
APP-2026-10603,HOUSING,Uttar Pradesh,Lucknow,2025,0.891,0.144,1,1,VALID,PASS
APP-2026-10604,PENSION,Uttar Pradesh,Varanasi,2018,0.881,0.181,1,1,VALID,PASS
APP-2026-10605,HEALTHCARE,Maharashtra,Mumbai,2020,0.834,0.058,1,1,VALID,PASS
APP-2026-10606,AGRICULTURE,Uttar Pradesh,Kanpur,2023,0.22,0.729,1,0,EXPIRED,FAIL
APP-2026-10607,BUSINESS_LICENSE,Uttar Pradesh,Varanasi,2026,0.859,0.171,1,1,VALID,PASS
APP-2026-10608,PENSION,Delhi,North Delhi,2023,0.528,0.876,0,1,FLAGGED,FAIL
APP-2026-10609,BUSINESS_LICENSE,Delhi,North Delhi,2026,0.8,0.074,1,1,VALID,PASS
APP-2026-10610,AGRICULTURE,Gujarat,Vadodara,2026,0.393,0.846,0,0,FLAGGED,FAIL
APP-2026-10611,EDUCATION,Delhi,South Delhi,2023,0.446,0.763,0,0,EXPIRED,FAIL
APP-2026-10612,HEALTHCARE,Gujarat,Surat,2021,0.756,0.183,1,1,VALID,PASS
APP-2026-10613,HEALTHCARE,Uttar Pradesh,Kanpur,2024,0.834,0.23,1,1,VALID,PASS
APP-2026-10614,BUSINESS_LICENSE,Karnataka,Hubballi,2022,0.766,0.098,1,1,VALID,PASS
APP-2026-10615,PENSION,Maharashtra,Nagpur,2023,0.924,0.18,1,1,VALID,MANUAL_REVIEW
APP-2026-10616,HEALTHCARE,Karnataka,Mysuru,2023,0.392,0.754,1,1,EXPIRED,FAIL
APP-2026-10617,AGRICULTURE,Delhi,North Delhi,2024,0.222,0.774,0,0,EXPIRED,FAIL
APP-2026-10618,HEALTHCARE,Uttar Pradesh,Varanasi,2023,0.555,0.702,0,1,EXPIRED,FAIL
APP-2026-10619,HOUSING,Gujarat,Vadodara,2020,0.609,0.441,1,1,FLAGGED,MANUAL_REVIEW
APP-2026-10620,BUSINESS_LICENSE,Maharashtra,Pune,2024,0.96,0.117,1,1,VALID,PASS
APP-2026-10621,EDUCATION,Karnataka,Hubballi,2022,0.84,0.03,1,1,VALID,PASS
APP-2026-10622,PENSION,Tamil Nadu,Madurai,2018,0.562,0.616,0,0,EXPIRED,FAIL
APP-2026-10623,EDUCATION,Karnataka,Bengaluru,2026,0.537,0.476,1,1,FLAGGED,MANUAL_REVIEW
APP-2026-10624,EDUCATION,Maharashtra,Nagpur,2019,0.963,0.047,1,1,VALID,PASS
APP-2026-10625,BUSINESS_LICENSE,Delhi,New Delhi,2022,0.559,0.334,0,1,FLAGGED,MANUAL_REVIEW
APP-2026-10626,EDUCATION,Karnataka,Bengaluru,2022,0.98,0.166,1,1,VALID,PASS
APP-2026-10627,AGRICULTURE,Delhi,South Delhi,2023,0.976,0.229,1,1,VALID,PASS
APP-2026-10628,HEALTHCARE,Maharashtra,Pune,2023,0.514,0.288,1,0,FLAGGED,MANUAL_REVIEW
APP-2026-10629,HOUSING,Tamil Nadu,Chennai,2025,0.587,0.501,1,1,FLAGGED,MANUAL_REVIEW
APP-2026-10630,HOUSING,Uttar Pradesh,Lucknow,2019,0.568,0.751,0,0,EXPIRED,FAIL
APP-2026-10631,HOUSING,Karnataka,Bengaluru,2020,0.447,0.943,0,0,EXPIRED,FAIL
APP-2026-10632,EDUCATION,Tamil Nadu,Coimbatore,2018,0.777,0.144,1,1,VALID,PASS
APP-2026-10633,EDUCATION,Delhi,South Delhi,2020,0.614,0.473,0,1,VALID,MANUAL_REVIEW
APP-2026-10634,AGRICULTURE,Tamil Nadu,Coimbatore,2024,0.808,0.061,1,1,VALID,PASS
APP-2026-10635,PENSION,Delhi,New Delhi,2024,0.374,0.889,0,1,EXPIRED,FAIL
APP-2026-10636,BUSINESS_LICENSE,Gujarat,Vadodara,2025,0.893,0.105,1,1,VALID,PASS
APP-2026-10637,HOUSING,Karnataka,Mysuru,2024,0.776,0.232,1,1,VALID,PASS
APP-2026-10638,HOUSING,Delhi,North Delhi,2018,0.946,0.251,1,1,VALID,PASS
APP-2026-10639,BUSINESS_LICENSE,Maharashtra,Mumbai,2020,0.82,0.18,1,1,VALID,PASS
APP-2026-10640,HEALTHCARE,Gujarat,Surat,2022,0.756,0.362,1,1,FLAGGED,MANUAL_REVIEW
APP-2026-10641,AGRICULTURE,Maharashtra,Nagpur,2026,0.781,0.096,1,1,VALID,PASS
APP-2026-10642,AGRICULTURE,Maharashtra,Mumbai,2026,0.344,0.92,0,1,EXPIRED,FAIL
APP-2026-10643,BUSINESS_LICENSE,Delhi,South Delhi,2024,0.854,0.075,1,1,VALID,PASS
APP-2026-10644,HEALTHCARE,Karnataka,Hubballi,2024,0.344,0.729,1,0,EXPIRED,FAIL
APP-2026-10645,PENSION,Gujarat,Ahmedabad,2020,0.636,0.398,1,0,FLAGGED,MANUAL_REVIEW
APP-2026-10646,HOUSING,Gujarat,Vadodara,2024,0.627,0.395,1,1,VALID,MANUAL_REVIEW
APP-2026-10647,AGRICULTURE,Maharashtra,Nagpur,2025,0.295,0.766,0,0,FLAGGED,FAIL
APP-2026-10648,PENSION,Uttar Pradesh,Kanpur,2023,0.866,0.2,1,1,VALID,PASS
APP-2026-10649,BUSINESS_LICENSE,Uttar Pradesh,Kanpur,2025,0.647,0.445,0,1,FLAGGED,MANUAL_REVIEW
APP-2026-10650,PENSION,Gujarat,Vadodara,2026,0.325,0.573,0,0,FLAGGED,FAIL
APP-2026-10651,HOUSING,Uttar Pradesh,Varanasi,2023,0.981,0.228,1,1,VALID,PASS
APP-2026-10652,PENSION,Gujarat,Vadodara,2022,0.658,0.297,1,0,VALID,MANUAL_REVIEW
APP-2026-10653,EDUCATION,Gujarat,Vadodara,2018,0.77,0.151,1,1,VALID,PASS
APP-2026-10654,EDUCATION,Delhi,New Delhi,2022,0.812,0.213,1,1,VALID,PASS
APP-2026-10655,AGRICULTURE,Gujarat,Ahmedabad,2025,0.792,0.223,1,1,VALID,PASS
APP-2026-10656,HEALTHCARE,Uttar Pradesh,Lucknow,2023,0.587,0.806,0,0,FLAGGED,FAIL
APP-2026-10657,HEALTHCARE,Gujarat,Surat,2020,0.926,0.11,1,1,VALID,PASS
APP-2026-10658,PENSION,Maharashtra,Mumbai,2025,0.822,0.214,1,1,VALID,PASS
APP-2026-10659,AGRICULTURE,Karnataka,Mysuru,2024,0.785,0.246,1,1,VALID,MANUAL_REVIEW
APP-2026-10660,HOUSING,Tamil Nadu,Madurai,2023,0.473,0.568,0,0,FLAGGED,FAIL
APP-2026-10661,BUSINESS_LICENSE,Delhi,North Delhi,2022,0.774,0.19,1,1,VALID,PASS
APP-2026-10662,BUSINESS_LICENSE,Gujarat,Ahmedabad,2021,0.69,0.548,0,0,VALID,MANUAL_REVIEW
APP-2026-10663,PENSION,Tamil Nadu,Chennai,2026,0.857,0.077,1,1,VALID,PASS
APP-2026-10664,HEALTHCARE,Maharashtra,Mumbai,2019,0.893,0.252,1,1,VALID,PASS
APP-2026-10665,AGRICULTURE,Gujarat,Ahmedabad,2019,0.895,0.118,1,1,VALID,PASS
APP-2026-10666,BUSINESS_LICENSE,Uttar Pradesh,Lucknow,2019,0.571,0.406,1,1,FLAGGED,MANUAL_REVIEW
APP-2026-10667,BUSINESS_LICENSE,Gujarat,Surat,2022,0.768,0.222,1,1,VALID,PASS
APP-2026-10668,EDUCATION,Maharashtra,Pune,2022,0.767,0.275,1,1,VALID,PASS
APP-2026-10669,HOUSING,Karnataka,Hubballi,2025,0.88,0.132,1,1,VALID,PASS
APP-2026-10670,PENSION,Tamil Nadu,Madurai,2022,0.768,0.169,1,1,VALID,PASS
APP-2026-10671,HOUSING,Maharashtra,Pune,2020,0.5,0.29,1,0,FLAGGED,MANUAL_REVIEW
APP-2026-10672,AGRICULTURE,Maharashtra,Nagpur,2025,0.847,0.209,1,1,VALID,PASS
APP-2026-10673,PENSION,Uttar Pradesh,Lucknow,2018,0.915,0.223,1,1,VALID,PASS
APP-2026-10674,AGRICULTURE,Delhi,North Delhi,2022,0.902,0.269,1,1,VALID,PASS
APP-2026-10675,AGRICULTURE,Delhi,New Delhi,2025,0.581,0.335,1,1,FLAGGED,MANUAL_REVIEW
APP-2026-10676,BUSINESS_LICENSE,Tamil Nadu,Chennai,2023,0.962,0.134,1,1,VALID,PASS
APP-2026-10677,PENSION,Karnataka,Bengaluru,2021,0.765,0.161,1,1,VALID,PASS
APP-2026-10678,AGRICULTURE,Tamil Nadu,Chennai,2018,0.831,0.207,1,1,VALID,PASS
APP-2026-10679,HEALTHCARE,Gujarat,Vadodara,2026,0.913,0.247,1,1,VALID,PASS
APP-2026-10680,AGRICULTURE,Karnataka,Bengaluru,2018,0.637,0.285,1,1,VALID,MANUAL_REVIEW
APP-2026-10681,HEALTHCARE,Maharashtra,Mumbai,2018,0.528,0.592,0,0,EXPIRED,FAIL
APP-2026-10682,PENSION,Maharashtra,Pune,2021,0.799,0.108,1,1,VALID,PASS
APP-2026-10683,BUSINESS_LICENSE,Gujarat,Surat,2023,0.914,0.162,1,1,VALID,PASS
APP-2026-10684,HEALTHCARE,Maharashtra,Nagpur,2020,0.779,0.057,1,1,VALID,PASS
APP-2026-10685,BUSINESS_LICENSE,Delhi,South Delhi,2020,0.972,0.031,1,1,VALID,PASS
APP-2026-10686,BUSINESS_LICENSE,Uttar Pradesh,Kanpur,2020,0.867,0.022,1,1,VALID,PASS
APP-2026-10687,PENSION,Gujarat,Vadodara,2022,0.944,0.221,1,1,VALID,PASS
APP-2026-10688,HEALTHCARE,Karnataka,Hubballi,2022,0.615,0.533,1,0,VALID,MANUAL_REVIEW
APP-2026-10689,AGRICULTURE,Maharashtra,Nagpur,2022,0.751,0.081,1,1,VALID,PASS
APP-2026-10690,AGRICULTURE,Maharashtra,Nagpur,2023,0.595,0.768,0,0,EXPIRED,FAIL
APP-2026-10691,HEALTHCARE,Maharashtra,Mumbai,2025,0.788,0.26,1,1,VALID,PASS
APP-2026-10692,EDUCATION,Delhi,New Delhi,2024,0.898,0.251,1,1,VALID,PASS
APP-2026-10693,PENSION,Gujarat,Ahmedabad,2026,0.939,0.146,1,1,VALID,PASS
APP-2026-10694,HEALTHCARE,Gujarat,Surat,2023,0.929,0.254,1,1,VALID,PASS
APP-2026-10695,PENSION,Delhi,New Delhi,2019,0.849,0.072,1,1,VALID,PASS
APP-2026-10696,PENSION,Tamil Nadu,Madurai,2025,0.855,0.076,1,1,VALID,PASS
APP-2026-10697,HEALTHCARE,Tamil Nadu,Coimbatore,2020,0.797,0.113,1,1,VALID,PASS
APP-2026-10698,EDUCATION,Karnataka,Bengaluru,2018,0.777,0.141,1,1,VALID,PASS
APP-2026-10699,EDUCATION,Karnataka,Mysuru,2020,0.455,0.813,1,0,EXPIRED,FAIL
APP-2026-10700,AGRICULTURE,Tamil Nadu,Chennai,2025,0.312,0.864,0,1,FLAGGED,FAIL
APP-2026-10701,HEALTHCARE,Uttar Pradesh,Lucknow,2018,0.761,0.278,1,1,VALID,PASS
APP-2026-10702,AGRICULTURE,Maharashtra,Pune,2026,0.944,0.201,1,1,VALID,PASS
APP-2026-10703,HOUSING,Karnataka,Bengaluru,2026,0.694,0.39,0,1,VALID,MANUAL_REVIEW
APP-2026-10704,PENSION,Maharashtra,Pune,2022,0.86,0.168,1,1,VALID,PASS
APP-2026-10705,HOUSING,Tamil Nadu,Chennai,2024,0.959,0.183,1,1,VALID,PASS
APP-2026-10706,PENSION,Gujarat,Ahmedabad,2024,0.333,0.564,0,1,EXPIRED,FAIL
APP-2026-10707,HEALTHCARE,Gujarat,Ahmedabad,2023,0.515,0.535,1,1,VALID,MANUAL_REVIEW
APP-2026-10708,HOUSING,Uttar Pradesh,Lucknow,2023,0.906,0.203,1,1,VALID,PASS
APP-2026-10709,HEALTHCARE,Karnataka,Mysuru,2021,0.682,0.479,1,1,FLAGGED,MANUAL_REVIEW
APP-2026-10710,BUSINESS_LICENSE,Karnataka,Mysuru,2023,0.401,0.732,1,1,FLAGGED,FAIL
APP-2026-10711,AGRICULTURE,Maharashtra,Pune,2026,0.649,0.359,1,1,FLAGGED,MANUAL_REVIEW
APP-2026-10712,PENSION,Karnataka,Mysuru,2019,0.966,0.095,1,1,VALID,PASS
APP-2026-10713,PENSION,Karnataka,Mysuru,2019,0.639,0.516,1,1,FLAGGED,MANUAL_REVIEW
APP-2026-10714,BUSINESS_LICENSE,Uttar Pradesh,Lucknow,2025,0.857,0.188,1,1,VALID,PASS
APP-2026-10715,PENSION,Maharashtra,Mumbai,2026,0.615,0.373,1,1,FLAGGED,MANUAL_REVIEW
APP-2026-10716,AGRICULTURE,Uttar Pradesh,Kanpur,2025,0.782,0.225,1,1,VALID,PASS
APP-2026-10717,EDUCATION,Karnataka,Mysuru,2023,0.508,0.57,0,0,EXPIRED,FAIL
APP-2026-10718,HEALTHCARE,Gujarat,Vadodara,2022,0.792,0.204,1,1,VALID,PASS
APP-2026-10719,HEALTHCARE,Karnataka,Bengaluru,2019,0.826,0.053,1,1,VALID,PASS
APP-2026-10720,HEALTHCARE,Karnataka,Hubballi,2018,0.774,0.32,1,1,FLAGGED,MANUAL_REVIEW
APP-2026-10721,PENSION,Tamil Nadu,Coimbatore,2020,0.571,0.617,0,0,EXPIRED,FAIL
APP-2026-10722,BUSINESS_LICENSE,Delhi,North Delhi,2022,0.502,0.977,0,0,EXPIRED,FAIL
APP-2026-10723,HOUSING,Delhi,South Delhi,2019,0.752,0.318,1,1,FLAGGED,MANUAL_REVIEW
APP-2026-10724,HEALTHCARE,Tamil Nadu,Coimbatore,2019,0.896,0.071,1,1,VALID,PASS
APP-2026-10725,EDUCATION,Karnataka,Bengaluru,2019,0.625,0.461,0,1,VALID,MANUAL_REVIEW
APP-2026-10726,AGRICULTURE,Uttar Pradesh,Varanasi,2018,0.344,0.614,0,1,FLAGGED,MANUAL_REVIEW
APP-2026-10727,EDUCATION,Delhi,North Delhi,2025,0.235,0.863,0,0,FLAGGED,FAIL
APP-2026-10728,BUSINESS_LICENSE,Tamil Nadu,Madurai,2024,0.891,0.042,1,1,VALID,PASS
APP-2026-10729,HOUSING,Uttar Pradesh,Kanpur,2019,0.436,0.712,1,0,FLAGGED,FAIL
APP-2026-10730,AGRICULTURE,Tamil Nadu,Madurai,2020,0.95,0.095,1,1,VALID,PASS
APP-2026-10731,EDUCATION,Uttar Pradesh,Kanpur,2025,0.63,0.287,0,1,FLAGGED,MANUAL_REVIEW
APP-2026-10732,HOUSING,Maharashtra,Nagpur,2022,0.868,0.199,1,1,VALID,PASS
APP-2026-10733,PENSION,Delhi,North Delhi,2019,0.601,0.41,1,1,FLAGGED,MANUAL_REVIEW
APP-2026-10734,BUSINESS_LICENSE,Maharashtra,Pune,2026,0.505,0.35,1,0,FLAGGED,MANUAL_REVIEW
APP-2026-10735,HEALTHCARE,Delhi,New Delhi,2018,0.851,0.257,1,1,VALID,PASS
APP-2026-10736,EDUCATION,Delhi,South Delhi,2019,0.715,0.329,0,1,FLAGGED,MANUAL_REVIEW
APP-2026-10737,EDUCATION,Gujarat,Surat,2022,0.693,0.306,1,1,VALID,MANUAL_REVIEW
APP-2026-10738,EDUCATION,Delhi,North Delhi,2024,0.969,0.047,1,1,VALID,PASS
APP-2026-10739,HEALTHCARE,Karnataka,Hubballi,2026,0.485,0.852,0,0,EXPIRED,FAIL
APP-2026-10740,HEALTHCARE,Maharashtra,Pune,2023,0.837,0.232,1,1,VALID,PASS
APP-2026-10741,AGRICULTURE,Uttar Pradesh,Kanpur,2020,0.508,0.5,0,1,VALID,MANUAL_REVIEW
APP-2026-10742,EDUCATION,Karnataka,Bengaluru,2020,0.37,0.878,1,1,FLAGGED,FAIL
APP-2026-10743,PENSION,Karnataka,Bengaluru,2018,0.405,0.575,1,1,EXPIRED,FAIL
APP-2026-10744,PENSION,Maharashtra,Mumbai,2021,0.556,0.461,0,0,FLAGGED,MANUAL_REVIEW
APP-2026-10745,AGRICULTURE,Delhi,North Delhi,2020,0.512,0.814,0,1,EXPIRED,FAIL
APP-2026-10746,AGRICULTURE,Karnataka,Hubballi,2021,0.269,0.874,1,0,EXPIRED,FAIL
APP-2026-10747,BUSINESS_LICENSE,Tamil Nadu,Coimbatore,2020,0.98,0.067,1,1,VALID,PASS
APP-2026-10748,HOUSING,Tamil Nadu,Chennai,2026,0.777,0.276,1,1,VALID,PASS
APP-2026-10749,PENSION,Uttar Pradesh,Lucknow,2025,0.697,0.43,0,1,VALID,MANUAL_REVIEW
APP-2026-10750,HOUSING,Uttar Pradesh,Varanasi,2022,0.736,0.341,1,1,FLAGGED,MANUAL_REVIEW
APP-2026-10751,PENSION,Tamil Nadu,Madurai,2023,0.99,0.148,1,1,VALID,PASS
APP-2026-10752,HOUSING,Uttar Pradesh,Varanasi,2019,0.845,0.201,1,1,VALID,PASS
APP-2026-10753,BUSINESS_LICENSE,Karnataka,Bengaluru,2023,0.335,0.806,0,1,FLAGGED,FAIL
APP-2026-10754,EDUCATION,Gujarat,Vadodara,2022,0.724,0.535,1,1,FLAGGED,MANUAL_REVIEW
APP-2026-10755,AGRICULTURE,Delhi,New Delhi,2025,0.81,0.149,1,1,VALID,PASS
APP-2026-10756,HEALTHCARE,Maharashtra,Mumbai,2018,0.399,0.562,1,0,FLAGGED,FAIL
APP-2026-10757,AGRICULTURE,Uttar Pradesh,Lucknow,2019,0.646,0.413,1,1,FLAGGED,MANUAL_REVIEW
APP-2026-10758,EDUCATION,Uttar Pradesh,Kanpur,2026,0.767,0.289,1,1,FLAGGED,MANUAL_REVIEW
APP-2026-10759,HOUSING,Tamil Nadu,Coimbatore,2018,0.884,0.244,1,1,VALID,PASS
APP-2026-10760,BUSINESS_LICENSE,Karnataka,Mysuru,2024,0.922,0.147,1,1,VALID,PASS
APP-2026-10761,BUSINESS_LICENSE,Tamil Nadu,Madurai,2026,0.66,0.408,1,1,FLAGGED,MANUAL_REVIEW
APP-2026-10762,AGRICULTURE,Tamil Nadu,Madurai,2023,0.58,0.297,1,0,FLAGGED,MANUAL_REVIEW
APP-2026-10763,BUSINESS_LICENSE,Uttar Pradesh,Lucknow,2023,0.853,0.278,1,1,VALID,PASS
APP-2026-10764,PENSION,Gujarat,Ahmedabad,2021,0.825,0.042,1,1,VALID,PASS
APP-2026-10765,EDUCATION,Maharashtra,Pune,2020,0.828,0.14,1,1,VALID,PASS
APP-2026-10766,AGRICULTURE,Uttar Pradesh,Kanpur,2022,0.863,0.026,1,1,VALID,PASS
APP-2026-10767,AGRICULTURE,Tamil Nadu,Coimbatore,2019,0.24,0.84,0,0,EXPIRED,FAIL
APP-2026-10768,AGRICULTURE,Delhi,North Delhi,2024,0.903,0.273,1,1,VALID,PASS
APP-2026-10769,AGRICULTURE,Karnataka,Mysuru,2022,0.989,0.125,1,1,VALID,PASS
APP-2026-10770,BUSINESS_LICENSE,Maharashtra,Nagpur,2019,0.577,0.433,1,1,FLAGGED,MANUAL_REVIEW
APP-2026-10771,BUSINESS_LICENSE,Delhi,South Delhi,2022,0.88,0.072,1,1,VALID,PASS
APP-2026-10772,AGRICULTURE,Uttar Pradesh,Kanpur,2026,0.754,0.203,1,1,VALID,PASS
APP-2026-10773,AGRICULTURE,Tamil Nadu,Chennai,2025,0.903,0.23,1,1,VALID,PASS
APP-2026-10774,HOUSING,Uttar Pradesh,Varanasi,2018,0.602,0.32,0,1,FLAGGED,MANUAL_REVIEW
APP-2026-10775,HOUSING,Delhi,New Delhi,2021,0.307,0.673,1,0,EXPIRED,FAIL
APP-2026-10776,PENSION,Karnataka,Bengaluru,2018,0.949,0.141,1,1,VALID,PASS
APP-2026-10777,HOUSING,Tamil Nadu,Madurai,2018,0.815,0.028,1,1,VALID,PASS
APP-2026-10778,EDUCATION,Gujarat,Vadodara,2020,0.512,0.475,1,0,VALID,MANUAL_REVIEW
APP-2026-10779,EDUCATION,Maharashtra,Pune,2023,0.748,0.387,1,1,VALID,MANUAL_REVIEW
APP-2026-10780,BUSINESS_LICENSE,Uttar Pradesh,Lucknow,2026,0.663,0.489,1,1,VALID,MANUAL_REVIEW
APP-2026-10781,PENSION,Delhi,North Delhi,2024,0.498,0.952,1,1,EXPIRED,FAIL
APP-2026-10782,HOUSING,Tamil Nadu,Coimbatore,2018,0.84,0.267,1,1,VALID,PASS
APP-2026-10783,HOUSING,Tamil Nadu,Madurai,2021,0.552,0.953,0,0,FLAGGED,MANUAL_REVIEW
APP-2026-10784,AGRICULTURE,Maharashtra,Nagpur,2018,0.721,0.345,1,1,FLAGGED,MANUAL_REVIEW
APP-2026-10785,BUSINESS_LICENSE,Maharashtra,Nagpur,2021,0.355,0.941,0,0,FLAGGED,FAIL
APP-2026-10786,HEALTHCARE,Delhi,New Delhi,2020,0.453,0.928,0,0,EXPIRED,FAIL
APP-2026-10787,PENSION,Tamil Nadu,Coimbatore,2024,0.333,0.732,0,1,EXPIRED,FAIL
APP-2026-10788,AGRICULTURE,Maharashtra,Pune,2024,0.728,0.479,1,0,VALID,MANUAL_REVIEW
APP-2026-10789,HEALTHCARE,Gujarat,Surat,2020,0.798,0.099,1,1,VALID,PASS
APP-2026-10790,PENSION,Karnataka,Bengaluru,2026,0.715,0.455,0,1,FLAGGED,MANUAL_REVIEW
APP-2026-10791,EDUCATION,Tamil Nadu,Coimbatore,2020,0.915,0.235,1,1,VALID,PASS
APP-2026-10792,HEALTHCARE,Maharashtra,Pune,2023,0.96,0.266,1,1,VALID,PASS
APP-2026-10793,HEALTHCARE,Maharashtra,Mumbai,2026,0.675,0.525,1,0,FLAGGED,MANUAL_REVIEW
APP-2026-10794,PENSION,Tamil Nadu,Madurai,2024,0.542,0.539,0,1,VALID,MANUAL_REVIEW
APP-2026-10795,HOUSING,Tamil Nadu,Madurai,2025,0.921,0.07,1,1,VALID,PASS
APP-2026-10796,EDUCATION,Delhi,South Delhi,2025,0.854,0.074,1,1,VALID,PASS
APP-2026-10797,EDUCATION,Gujarat,Vadodara,2021,0.848,0.058,1,1,VALID,PASS
APP-2026-10798,EDUCATION,Karnataka,Hubballi,2025,0.348,0.844,0,1,EXPIRED,FAIL
APP-2026-10799,BUSINESS_LICENSE,Tamil Nadu,Madurai,2021,0.698,0.479,0,0,VALID,MANUAL_REVIEW
APP-2026-10800,HEALTHCARE,Tamil Nadu,Coimbatore,2018,0.871,0.119,1,1,VALID,PASS
APP-2026-10801,BUSINESS_LICENSE,Delhi,New Delhi,2026,0.793,0.064,1,1,VALID,PASS
APP-2026-10802,EDUCATION,Tamil Nadu,Chennai,2019,0.877,0.057,1,1,VALID,PASS
APP-2026-10803,PENSION,Karnataka,Mysuru,2022,0.759,0.356,1,1,FLAGGED,MANUAL_REVIEW
APP-2026-10804,HOUSING,Karnataka,Mysuru,2025,0.542,0.51,1,1,VALID,MANUAL_REVIEW
APP-2026-10805,PENSION,Karnataka,Bengaluru,2018,0.789,0.141,1,1,VALID,PASS
APP-2026-10806,HOUSING,Maharashtra,Pune,2023,0.424,0.747,1,0,EXPIRED,FAIL
APP-2026-10807,PENSION,Karnataka,Mysuru,2020,0.5,0.904,0,0,EXPIRED,FAIL
APP-2026-10808,PENSION,Uttar Pradesh,Varanasi,2020,0.768,0.22,1,1,VALID,PASS
APP-2026-10809,EDUCATION,Maharashtra,Pune,2019,0.892,0.267,1,1,VALID,PASS
APP-2026-10810,HEALTHCARE,Maharashtra,Mumbai,2025,0.464,0.745,0,0,EXPIRED,FAIL
APP-2026-10811,PENSION,Gujarat,Vadodara,2025,0.926,0.211,1,1,VALID,PASS
APP-2026-10812,AGRICULTURE,Karnataka,Bengaluru,2018,0.313,0.893,0,0,EXPIRED,FAIL
APP-2026-10813,HOUSING,Delhi,New Delhi,2021,0.546,0.588,0,1,FLAGGED,FAIL
APP-2026-10814,BUSINESS_LICENSE,Karnataka,Bengaluru,2022,0.854,0.23,1,1,VALID,PASS
APP-2026-10815,BUSINESS_LICENSE,Uttar Pradesh,Lucknow,2023,0.733,0.418,1,1,FLAGGED,MANUAL_REVIEW
APP-2026-10816,AGRICULTURE,Tamil Nadu,Chennai,2024,0.446,0.737,0,1,FLAGGED,FAIL
APP-2026-10817,BUSINESS_LICENSE,Karnataka,Hubballi,2020,0.411,0.828,1,0,EXPIRED,FAIL
APP-2026-10818,HOUSING,Delhi,New Delhi,2020,0.584,0.347,1,1,FLAGGED,MANUAL_REVIEW
APP-2026-10819,PENSION,Uttar Pradesh,Lucknow,2026,0.773,0.192,1,1,VALID,PASS
APP-2026-10820,EDUCATION,Delhi,North Delhi,2019,0.505,0.48,1,1,FLAGGED,MANUAL_REVIEW
APP-2026-10821,HOUSING,Gujarat,Surat,2023,0.627,0.461,1,1,VALID,MANUAL_REVIEW
APP-2026-10822,PENSION,Gujarat,Vadodara,2022,0.243,0.78,1,1,EXPIRED,FAIL
APP-2026-10823,HOUSING,Gujarat,Surat,2025,0.945,0.18,1,1,VALID,PASS
APP-2026-10824,BUSINESS_LICENSE,Gujarat,Surat,2022,0.782,0.07,1,1,VALID,PASS
APP-2026-10825,BUSINESS_LICENSE,Karnataka,Bengaluru,2021,0.785,0.083,1,1,VALID,PASS
APP-2026-10826,AGRICULTURE,Karnataka,Bengaluru,2022,0.541,0.394,0,1,FLAGGED,MANUAL_REVIEW
APP-2026-10827,HOUSING,Tamil Nadu,Chennai,2025,0.556,0.434,1,0,VALID,MANUAL_REVIEW
APP-2026-10828,BUSINESS_LICENSE,Tamil Nadu,Coimbatore,2025,0.667,0.43,0,1,FLAGGED,MANUAL_REVIEW
APP-2026-10829,BUSINESS_LICENSE,Uttar Pradesh,Varanasi,2025,0.765,0.025,1,1,VALID,PASS
APP-2026-10830,AGRICULTURE,Maharashtra,Pune,2024,0.247,0.818,0,0,FLAGGED,MANUAL_REVIEW
APP-2026-10831,EDUCATION,Gujarat,Ahmedabad,2025,0.806,0.077,1,1,VALID,PASS
APP-2026-10832,EDUCATION,Uttar Pradesh,Varanasi,2025,0.82,0.205,1,1,VALID,PASS
APP-2026-10833,BUSINESS_LICENSE,Gujarat,Vadodara,2023,0.52,0.913,0,1,EXPIRED,FAIL
APP-2026-10834,HOUSING,Karnataka,Bengaluru,2021,0.868,0.226,1,1,VALID,PASS
APP-2026-10835,HOUSING,Delhi,New Delhi,2021,0.78,0.377,0,1,VALID,MANUAL_REVIEW
APP-2026-10836,AGRICULTURE,Maharashtra,Mumbai,2023,0.898,0.051,1,1,VALID,PASS
APP-2026-10837,EDUCATION,Delhi,North Delhi,2018,0.656,0.522,1,1,FLAGGED,MANUAL_REVIEW
APP-2026-10838,BUSINESS_LICENSE,Maharashtra,Pune,2025,0.502,0.969,0,0,EXPIRED,FAIL
APP-2026-10839,PENSION,Uttar Pradesh,Lucknow,2020,0.744,0.526,0,1,FLAGGED,MANUAL_REVIEW
APP-2026-10840,HOUSING,Gujarat,Ahmedabad,2020,0.594,0.317,1,1,FLAGGED,MANUAL_REVIEW
APP-2026-10841,PENSION,Karnataka,Mysuru,2023,0.791,0.089,1,1,VALID,PASS
APP-2026-10842,HOUSING,Delhi,South Delhi,2021,0.931,0.13,1,1,VALID,PASS
APP-2026-10843,HOUSING,Tamil Nadu,Coimbatore,2025,0.406,0.843,0,0,EXPIRED,FAIL
APP-2026-10844,AGRICULTURE,Maharashtra,Mumbai,2023,0.986,0.063,1,1,VALID,PASS
APP-2026-10845,PENSION,Gujarat,Vadodara,2020,0.223,0.822,0,0,EXPIRED,FAIL
APP-2026-10846,HOUSING,Tamil Nadu,Madurai,2026,0.489,0.685,0,0,EXPIRED,FAIL
APP-2026-10847,HEALTHCARE,Gujarat,Surat,2025,0.749,0.449,1,1,FLAGGED,MANUAL_REVIEW
APP-2026-10848,BUSINESS_LICENSE,Tamil Nadu,Chennai,2022,0.879,0.121,1,1,VALID,PASS
APP-2026-10849,HEALTHCARE,Uttar Pradesh,Varanasi,2022,0.873,0.101,1,1,VALID,PASS
APP-2026-10850,BUSINESS_LICENSE,Karnataka,Bengaluru,2018,0.416,0.661,0,1,FLAGGED,FAIL
APP-2026-10851,PENSION,Gujarat,Ahmedabad,2023,0.872,0.052,1,1,VALID,PASS
APP-2026-10852,PENSION,Tamil Nadu,Coimbatore,2018,0.986,0.229,1,1,VALID,PASS
APP-2026-10853,AGRICULTURE,Gujarat,Vadodara,2026,0.294,0.679,0,0,EXPIRED,FAIL
APP-2026-10854,BUSINESS_LICENSE,Tamil Nadu,Madurai,2021,0.874,0.07,1,1,VALID,PASS
APP-2026-10855,HOUSING,Maharashtra,Mumbai,2024,0.233,0.577,0,0,FLAGGED,FAIL
APP-2026-10856,BUSINESS_LICENSE,Uttar Pradesh,Kanpur,2026,0.611,0.351,1,1,FLAGGED,MANUAL_REVIEW
APP-2026-10857,HOUSING,Gujarat,Surat,2020,0.781,0.205,1,1,VALID,PASS
APP-2026-10858,BUSINESS_LICENSE,Uttar Pradesh,Varanasi,2019,0.628,0.289,0,1,VALID,MANUAL_REVIEW
APP-2026-10859,HOUSING,Maharashtra,Mumbai,2023,0.511,0.321,1,1,FLAGGED,MANUAL_REVIEW
APP-2026-10860,PENSION,Karnataka,Bengaluru,2024,0.965,0.251,1,1,VALID,PASS
APP-2026-10861,BUSINESS_LICENSE,Tamil Nadu,Chennai,2019,0.519,0.292,1,1,FLAGGED,MANUAL_REVIEW
APP-2026-10862,HOUSING,Tamil Nadu,Madurai,2020,0.641,0.404,1,1,FLAGGED,MANUAL_REVIEW
APP-2026-10863,AGRICULTURE,Gujarat,Vadodara,2024,0.966,0.108,1,1,VALID,PASS
APP-2026-10864,BUSINESS_LICENSE,Tamil Nadu,Madurai,2022,0.742,0.471,1,1,FLAGGED,MANUAL_REVIEW
APP-2026-10865,BUSINESS_LICENSE,Maharashtra,Nagpur,2026,0.979,0.161,1,1,VALID,PASS
APP-2026-10866,AGRICULTURE,Uttar Pradesh,Lucknow,2025,0.505,0.458,1,1,FLAGGED,MANUAL_REVIEW
APP-2026-10867,HEALTHCARE,Gujarat,Vadodara,2025,0.878,0.103,1,1,VALID,PASS
APP-2026-10868,HOUSING,Maharashtra,Pune,2024,0.756,0.157,1,1,VALID,PASS
APP-2026-10869,PENSION,Maharashtra,Mumbai,2026,0.785,0.086,1,1,VALID,PASS
APP-2026-10870,EDUCATION,Tamil Nadu,Madurai,2020,0.981,0.067,1,1,VALID,PASS
APP-2026-10871,EDUCATION,Tamil Nadu,Chennai,2023,0.964,0.087,1,1,VALID,PASS
APP-2026-10872,PENSION,Maharashtra,Mumbai,2021,0.664,0.413,1,1,VALID,MANUAL_REVIEW
APP-2026-10873,EDUCATION,Tamil Nadu,Madurai,2024,0.757,0.185,1,1,VALID,PASS
APP-2026-10874,PENSION,Delhi,South Delhi,2019,0.883,0.224,1,1,VALID,PASS
APP-2026-10875,HOUSING,Tamil Nadu,Chennai,2026,0.982,0.117,1,1,VALID,PASS
APP-2026-10876,HEALTHCARE,Uttar Pradesh,Kanpur,2026,0.75,0.141,1,1,VALID,PASS
APP-2026-10877,EDUCATION,Gujarat,Ahmedabad,2018,0.971,0.091,1,1,VALID,PASS
APP-2026-10878,BUSINESS_LICENSE,Tamil Nadu,Coimbatore,2021,0.643,0.292,1,1,FLAGGED,MANUAL_REVIEW
APP-2026-10879,BUSINESS_LICENSE,Maharashtra,Mumbai,2026,0.551,0.641,0,0,EXPIRED,FAIL
APP-2026-10880,BUSINESS_LICENSE,Delhi,South Delhi,2025,0.909,0.104,1,1,VALID,PASS
APP-2026-10881,AGRICULTURE,Delhi,New Delhi,2020,0.501,0.409,1,1,FLAGGED,MANUAL_REVIEW
APP-2026-10882,BUSINESS_LICENSE,Gujarat,Surat,2024,0.72,0.455,0,0,FLAGGED,MANUAL_REVIEW
APP-2026-10883,PENSION,Delhi,North Delhi,2023,0.951,0.231,1,1,VALID,PASS
APP-2026-10884,PENSION,Tamil Nadu,Coimbatore,2021,0.803,0.025,1,1,VALID,PASS
APP-2026-10885,BUSINESS_LICENSE,Delhi,New Delhi,2019,0.45,0.898,1,0,FLAGGED,FAIL
APP-2026-10886,HOUSING,Gujarat,Vadodara,2021,0.986,0.186,1,1,VALID,PASS
APP-2026-10887,EDUCATION,Uttar Pradesh,Varanasi,2025,0.797,0.212,1,1,VALID,PASS
APP-2026-10888,AGRICULTURE,Uttar Pradesh,Lucknow,2019,0.709,0.314,1,1,FLAGGED,MANUAL_REVIEW
APP-2026-10889,EDUCATION,Karnataka,Hubballi,2018,0.477,0.779,1,0,FLAGGED,MANUAL_REVIEW
APP-2026-10890,HOUSING,Gujarat,Vadodara,2018,0.329,0.913,0,1,EXPIRED,FAIL
APP-2026-10891,EDUCATION,Uttar Pradesh,Lucknow,2021,0.97,0.158,1,1,VALID,PASS
APP-2026-10892,HOUSING,Karnataka,Mysuru,2019,0.523,0.976,1,0,EXPIRED,FAIL
APP-2026-10893,HEALTHCARE,Karnataka,Mysuru,2022,0.9,0.027,1,1,VALID,PASS
APP-2026-10894,PENSION,Uttar Pradesh,Varanasi,2023,0.299,0.754,0,0,FLAGGED,FAIL
APP-2026-10895,HEALTHCARE,Maharashtra,Nagpur,2025,0.675,0.436,0,0,VALID,MANUAL_REVIEW
APP-2026-10896,BUSINESS_LICENSE,Maharashtra,Mumbai,2018,0.377,0.68,0,1,EXPIRED,FAIL
APP-2026-10897,PENSION,Delhi,North Delhi,2024,0.93,0.081,1,1,VALID,PASS
APP-2026-10898,BUSINESS_LICENSE,Uttar Pradesh,Lucknow,2025,0.941,0.249,1,1,VALID,PASS
APP-2026-10899,EDUCATION,Gujarat,Vadodara,2018,0.829,0.07,1,1,VALID,PASS
APP-2026-10900,AGRICULTURE,Gujarat,Ahmedabad,2021,0.25,0.769,0,0,EXPIRED,FAIL
APP-2026-10901,HEALTHCARE,Karnataka,Bengaluru,2018,0.89,0.153,1,1,VALID,PASS
APP-2026-10902,EDUCATION,Delhi,South Delhi,2026,0.541,0.363,0,1,VALID,MANUAL_REVIEW
APP-2026-10903,BUSINESS_LICENSE,Gujarat,Ahmedabad,2018,0.947,0.165,1,1,VALID,PASS
APP-2026-10904,EDUCATION,Karnataka,Bengaluru,2021,0.337,0.837,0,0,EXPIRED,FAIL
APP-2026-10905,AGRICULTURE,Uttar Pradesh,Kanpur,2022,0.789,0.138,1,1,VALID,PASS
APP-2026-10906,PENSION,Tamil Nadu,Chennai,2018,0.694,0.406,0,1,FLAGGED,MANUAL_REVIEW
APP-2026-10907,HOUSING,Karnataka,Mysuru,2020,0.203,0.554,0,0,EXPIRED,FAIL
APP-2026-10908,HEALTHCARE,Gujarat,Vadodara,2023,0.757,0.071,1,1,VALID,PASS
APP-2026-10909,EDUCATION,Gujarat,Ahmedabad,2023,0.298,0.634,1,1,EXPIRED,MANUAL_REVIEW
APP-2026-10910,BUSINESS_LICENSE,Karnataka,Mysuru,2019,0.8,0.139,1,1,VALID,PASS
APP-2026-10911,EDUCATION,Gujarat,Ahmedabad,2026,0.599,0.929,0,1,EXPIRED,FAIL
APP-2026-10912,HEALTHCARE,Karnataka,Bengaluru,2026,0.84,0.176,1,1,VALID,PASS
APP-2026-10913,HEALTHCARE,Maharashtra,Nagpur,2021,0.318,0.614,1,0,FLAGGED,FAIL
APP-2026-10914,AGRICULTURE,Uttar Pradesh,Kanpur,2021,0.72,0.494,1,0,FLAGGED,MANUAL_REVIEW
APP-2026-10915,BUSINESS_LICENSE,Uttar Pradesh,Kanpur,2025,0.55,0.472,1,1,FLAGGED,MANUAL_REVIEW
APP-2026-10916,AGRICULTURE,Tamil Nadu,Madurai,2018,0.965,0.138,1,1,VALID,PASS
APP-2026-10917,HEALTHCARE,Delhi,North Delhi,2024,0.762,0.381,1,0,VALID,MANUAL_REVIEW
APP-2026-10918,AGRICULTURE,Delhi,New Delhi,2018,0.899,0.131,1,1,VALID,PASS
APP-2026-10919,HOUSING,Delhi,North Delhi,2023,0.756,0.135,1,1,VALID,PASS
APP-2026-10920,PENSION,Delhi,New Delhi,2022,0.405,0.827,0,0,EXPIRED,FAIL
APP-2026-10921,EDUCATION,Maharashtra,Nagpur,2021,0.912,0.085,1,1,VALID,PASS
APP-2026-10922,BUSINESS_LICENSE,Delhi,New Delhi,2020,0.501,0.868,0,1,FLAGGED,FAIL
APP-2026-10923,EDUCATION,Tamil Nadu,Coimbatore,2018,0.873,0.218,1,1,VALID,PASS
APP-2026-10924,HOUSING,Karnataka,Bengaluru,2021,0.874,0.224,1,1,VALID,PASS
APP-2026-10925,BUSINESS_LICENSE,Tamil Nadu,Coimbatore,2019,0.795,0.22,1,1,VALID,PASS
APP-2026-10926,HEALTHCARE,Tamil Nadu,Coimbatore,2026,0.783,0.247,1,1,VALID,PASS
APP-2026-10927,BUSINESS_LICENSE,Maharashtra,Pune,2023,0.851,0.198,1,1,VALID,PASS
APP-2026-10928,BUSINESS_LICENSE,Uttar Pradesh,Kanpur,2023,0.659,0.289,0,1,FLAGGED,MANUAL_REVIEW
APP-2026-10929,AGRICULTURE,Uttar Pradesh,Varanasi,2024,0.282,0.718,0,1,EXPIRED,FAIL
APP-2026-10930,HOUSING,Gujarat,Surat,2019,0.912,0.066,1,1,VALID,PASS
APP-2026-10931,AGRICULTURE,Tamil Nadu,Chennai,2020,0.969,0.12,1,1,VALID,PASS
APP-2026-10932,EDUCATION,Gujarat,Vadodara,2019,0.838,0.023,1,1,VALID,PASS
APP-2026-10933,HOUSING,Tamil Nadu,Chennai,2019,0.85,0.213,1,1,VALID,PASS
APP-2026-10934,HEALTHCARE,Karnataka,Bengaluru,2022,0.92,0.143,1,1,VALID,PASS
APP-2026-10935,EDUCATION,Uttar Pradesh,Lucknow,2026,0.629,0.334,1,1,FLAGGED,MANUAL_REVIEW
APP-2026-10936,HEALTHCARE,Uttar Pradesh,Kanpur,2025,0.888,0.212,1,1,VALID,PASS
APP-2026-10937,HOUSING,Delhi,South Delhi,2022,0.948,0.241,1,1,VALID,PASS
APP-2026-10938,HEALTHCARE,Uttar Pradesh,Varanasi,2024,0.969,0.068,1,1,VALID,PASS
APP-2026-10939,HOUSING,Gujarat,Ahmedabad,2021,0.263,0.929,0,0,EXPIRED,FAIL
APP-2026-10940,BUSINESS_LICENSE,Karnataka,Mysuru,2024,0.421,0.978,1,1,FLAGGED,FAIL
APP-2026-10941,HEALTHCARE,Delhi,New Delhi,2026,0.756,0.186,1,1,VALID,PASS
APP-2026-10942,HOUSING,Tamil Nadu,Coimbatore,2024,0.359,0.555,1,0,FLAGGED,FAIL
APP-2026-10943,HOUSING,Tamil Nadu,Coimbatore,2019,0.908,0.206,1,1,VALID,PASS
APP-2026-10944,HOUSING,Delhi,New Delhi,2020,0.443,0.626,1,0,EXPIRED,FAIL
APP-2026-10945,PENSION,Gujarat,Surat,2020,0.793,0.206,1,1,VALID,PASS
APP-2026-10946,AGRICULTURE,Karnataka,Mysuru,2018,0.525,0.826,0,0,FLAGGED,FAIL
APP-2026-10947,HOUSING,Maharashtra,Nagpur,2018,0.841,0.072,1,1,VALID,PASS
APP-2026-10948,HEALTHCARE,Karnataka,Bengaluru,2018,0.987,0.108,1,1,VALID,PASS
APP-2026-10949,BUSINESS_LICENSE,Maharashtra,Mumbai,2019,0.532,0.622,1,0,EXPIRED,FAIL
APP-2026-10950,EDUCATION,Uttar Pradesh,Varanasi,2021,0.762,0.387,1,0,VALID,MANUAL_REVIEW
APP-2026-10951,HEALTHCARE,Maharashtra,Pune,2023,0.801,0.077,1,1,VALID,PASS
APP-2026-10952,EDUCATION,Gujarat,Vadodara,2023,0.963,0.127,1,1,VALID,PASS
APP-2026-10953,HOUSING,Maharashtra,Nagpur,2026,0.569,0.795,1,1,FLAGGED,FAIL
APP-2026-10954,BUSINESS_LICENSE,Tamil Nadu,Madurai,2020,0.902,0.25,1,1,VALID,PASS
APP-2026-10955,BUSINESS_LICENSE,Tamil Nadu,Chennai,2023,0.969,0.137,1,1,VALID,PASS
APP-2026-10956,BUSINESS_LICENSE,Karnataka,Hubballi,2018,0.898,0.253,1,1,VALID,PASS
APP-2026-10957,BUSINESS_LICENSE,Tamil Nadu,Chennai,2019,0.84,0.097,1,1,VALID,PASS
APP-2026-10958,HEALTHCARE,Gujarat,Ahmedabad,2021,0.439,0.957,0,1,FLAGGED,FAIL
APP-2026-10959,PENSION,Uttar Pradesh,Kanpur,2022,0.564,0.478,0,0,VALID,MANUAL_REVIEW
APP-2026-10960,BUSINESS_LICENSE,Karnataka,Hubballi,2021,0.607,0.367,1,0,FLAGGED,MANUAL_REVIEW
APP-2026-10961,HEALTHCARE,Maharashtra,Nagpur,2020,0.25,0.625,0,0,EXPIRED,FAIL
APP-2026-10962,PENSION,Tamil Nadu,Madurai,2025,0.923,0.084,1,1,VALID,PASS
APP-2026-10963,HEALTHCARE,Delhi,North Delhi,2025,0.281,0.921,0,0,FLAGGED,FAIL
APP-2026-10964,HEALTHCARE,Tamil Nadu,Coimbatore,2024,0.706,0.485,1,1,VALID,MANUAL_REVIEW
APP-2026-10965,HOUSING,Maharashtra,Pune,2026,0.924,0.087,1,1,VALID,PASS
APP-2026-10966,HOUSING,Delhi,North Delhi,2026,0.52,0.317,1,0,VALID,PASS
APP-2026-10967,AGRICULTURE,Gujarat,Vadodara,2023,0.972,0.264,1,1,VALID,PASS
APP-2026-10968,EDUCATION,Tamil Nadu,Coimbatore,2022,0.665,0.39,0,1,FLAGGED,MANUAL_REVIEW
APP-2026-10969,HEALTHCARE,Karnataka,Mysuru,2022,0.71,0.374,1,1,FLAGGED,MANUAL_REVIEW
APP-2026-10970,BUSINESS_LICENSE,Tamil Nadu,Coimbatore,2021,0.758,0.231,1,1,VALID,PASS
APP-2026-10971,BUSINESS_LICENSE,Maharashtra,Nagpur,2020,0.859,0.197,1,1,VALID,PASS
APP-2026-10972,AGRICULTURE,Uttar Pradesh,Varanasi,2020,0.935,0.188,1,1,VALID,PASS
APP-2026-10973,HOUSING,Gujarat,Vadodara,2019,0.553,0.394,1,1,FLAGGED,MANUAL_REVIEW
APP-2026-10974,AGRICULTURE,Gujarat,Surat,2022,0.711,0.53,1,0,FLAGGED,MANUAL_REVIEW
APP-2026-10975,EDUCATION,Karnataka,Mysuru,2021,0.359,0.682,0,0,EXPIRED,FAIL
APP-2026-10976,BUSINESS_LICENSE,Tamil Nadu,Madurai,2024,0.705,0.326,1,1,VALID,MANUAL_REVIEW
APP-2026-10977,AGRICULTURE,Maharashtra,Pune,2021,0.764,0.068,1,1,VALID,PASS
APP-2026-10978,EDUCATION,Tamil Nadu,Coimbatore,2019,0.266,0.676,0,1,FLAGGED,MANUAL_REVIEW
APP-2026-10979,HEALTHCARE,Tamil Nadu,Coimbatore,2019,0.814,0.268,1,1,VALID,PASS
APP-2026-10980,PENSION,Maharashtra,Mumbai,2026,0.35,0.774,0,1,FLAGGED,FAIL
APP-2026-10981,EDUCATION,Uttar Pradesh,Kanpur,2023,0.964,0.28,1,1,VALID,PASS
APP-2026-10982,EDUCATION,Gujarat,Surat,2024,0.773,0.516,1,0,FLAGGED,MANUAL_REVIEW
APP-2026-10983,HEALTHCARE,Maharashtra,Nagpur,2019,0.312,0.851,0,1,EXPIRED,FAIL
APP-2026-10984,HOUSING,Uttar Pradesh,Kanpur,2021,0.903,0.265,1,1,VALID,PASS
APP-2026-10985,BUSINESS_LICENSE,Delhi,New Delhi,2023,0.565,0.411,1,1,FLAGGED,MANUAL_REVIEW
APP-2026-10986,HOUSING,Gujarat,Vadodara,2019,0.582,0.333,0,1,FLAGGED,MANUAL_REVIEW
APP-2026-10987,BUSINESS_LICENSE,Uttar Pradesh,Lucknow,2020,0.771,0.236,1,1,VALID,PASS
APP-2026-10988,HOUSING,Karnataka,Mysuru,2019,0.88,0.083,1,1,VALID,PASS
APP-2026-10989,BUSINESS_LICENSE,Gujarat,Ahmedabad,2019,0.922,0.062,1,1,VALID,PASS
APP-2026-10990,HOUSING,Delhi,New Delhi,2022,0.766,0.461,1,1,FLAGGED,MANUAL_REVIEW
APP-2026-10991,PENSION,Gujarat,Surat,2021,0.507,0.808,0,1,EXPIRED,FAIL
APP-2026-10992,BUSINESS_LICENSE,Tamil Nadu,Madurai,2026,0.375,0.65,1,1,EXPIRED,FAIL
APP-2026-10993,BUSINESS_LICENSE,Uttar Pradesh,Lucknow,2019,0.536,0.365,1,1,FLAGGED,MANUAL_REVIEW
APP-2026-10994,AGRICULTURE,Karnataka,Mysuru,2024,0.838,0.197,1,1,VALID,PASS
APP-2026-10995,AGRICULTURE,Gujarat,Vadodara,2021,0.752,0.242,1,1,VALID,PASS
APP-2026-10996,EDUCATION,Karnataka,Mysuru,2025,0.818,0.214,1,1,VALID,PASS
APP-2026-10997,BUSINESS_LICENSE,Maharashtra,Nagpur,2023,0.988,0.052,1,1,VALID,PASS
APP-2026-10998,BUSINESS_LICENSE,Uttar Pradesh,Kanpur,2021,0.919,0.118,1,1,VALID,PASS
APP-2026-10999,EDUCATION,Karnataka,Hubballi,2021,0.574,0.647,0,0,EXPIRED,FAIL
APP-2026-11000,BUSINESS_LICENSE,Tamil Nadu,Coimbatore,2020,0.419,0.695,0,0,FLAGGED,FAIL
APP-2026-11001,AGRICULTURE,Gujarat,Surat,2022,0.555,0.511,1,0,FLAGGED,MANUAL_REVIEW
APP-2026-11002,PENSION,Gujarat,Surat,2025,0.662,0.399,1,1,VALID,MANUAL_REVIEW
APP-2026-11003,BUSINESS_LICENSE,Karnataka,Hubballi,2018,0.955,0.047,1,1,VALID,PASS
APP-2026-11004,HEALTHCARE,Tamil Nadu,Coimbatore,2020,0.238,0.969,1,1,EXPIRED,FAIL
APP-2026-11005,AGRICULTURE,Tamil Nadu,Chennai,2024,0.779,0.123,1,1,VALID,PASS
APP-2026-11006,AGRICULTURE,Karnataka,Hubballi,2024,0.778,0.461,0,1,FLAGGED,MANUAL_REVIEW
APP-2026-11007,BUSINESS_LICENSE,Gujarat,Surat,2023,0.778,0.052,1,1,VALID,PASS
APP-2026-11008,AGRICULTURE,Karnataka,Bengaluru,2025,0.929,0.227,1,1,VALID,PASS
APP-2026-11009,HOUSING,Gujarat,Vadodara,2024,0.78,0.105,1,1,VALID,PASS
APP-2026-11010,AGRICULTURE,Karnataka,Mysuru,2018,0.946,0.224,1,1,VALID,PASS
APP-2026-11011,PENSION,Uttar Pradesh,Varanasi,2026,0.721,0.314,1,1,VALID,MANUAL_REVIEW
APP-2026-11012,AGRICULTURE,Gujarat,Ahmedabad,2018,0.724,0.313,0,0,VALID,MANUAL_REVIEW
APP-2026-11013,EDUCATION,Maharashtra,Mumbai,2019,0.602,0.427,1,1,VALID,MANUAL_REVIEW
APP-2026-11014,PENSION,Uttar Pradesh,Kanpur,2026,0.888,0.201,1,1,VALID,PASS
APP-2026-11015,EDUCATION,Uttar Pradesh,Varanasi,2026,0.774,0.233,1,1,VALID,PASS
APP-2026-11016,HEALTHCARE,Karnataka,Mysuru,2021,0.441,0.643,0,1,EXPIRED,FAIL
APP-2026-11017,AGRICULTURE,Delhi,North Delhi,2024,0.546,0.403,1,1,FLAGGED,MANUAL_REVIEW
APP-2026-11018,HEALTHCARE,Maharashtra,Nagpur,2022,0.479,0.633,0,0,EXPIRED,FAIL
APP-2026-11019,HOUSING,Karnataka,Mysuru,2024,0.981,0.084,1,1,VALID,PASS
APP-2026-11020,AGRICULTURE,Maharashtra,Nagpur,2026,0.829,0.043,1,1,VALID,PASS
APP-2026-11021,EDUCATION,Karnataka,Bengaluru,2022,0.841,0.272,1,1,VALID,PASS
APP-2026-11022,PENSION,Maharashtra,Mumbai,2026,0.586,0.502,1,1,FLAGGED,MANUAL_REVIEW
APP-2026-11023,EDUCATION,Uttar Pradesh,Kanpur,2019,0.268,0.957,0,1,EXPIRED,FAIL
APP-2026-11024,AGRICULTURE,Uttar Pradesh,Varanasi,2024,0.781,0.022,1,1,VALID,PASS
APP-2026-11025,HEALTHCARE,Gujarat,Ahmedabad,2020,0.927,0.034,1,1,VALID,PASS
APP-2026-11026,EDUCATION,Gujarat,Ahmedabad,2024,0.551,0.546,1,1,FLAGGED,MANUAL_REVIEW
APP-2026-11027,AGRICULTURE,Gujarat,Ahmedabad,2022,0.524,0.363,1,1,FLAGGED,MANUAL_REVIEW
APP-2026-11028,BUSINESS_LICENSE,Karnataka,Bengaluru,2020,0.524,0.357,1,1,VALID,MANUAL_REVIEW
APP-2026-11029,HOUSING,Gujarat,Vadodara,2020,0.874,0.279,1,1,VALID,PASS
APP-2026-11030,BUSINESS_LICENSE,Maharashtra,Pune,2018,0.755,0.481,1,1,FLAGGED,MANUAL_REVIEW
APP-2026-11031,BUSINESS_LICENSE,Gujarat,Vadodara,2018,0.77,0.462,1,1,VALID,MANUAL_REVIEW
APP-2026-11032,EDUCATION,Karnataka,Hubballi,2023,0.369,0.713,0,1,EXPIRED,FAIL
APP-2026-11033,AGRICULTURE,Maharashtra,Pune,2022,0.814,0.021,1,1,VALID,PASS
APP-2026-11034,HOUSING,Karnataka,Mysuru,2026,0.214,0.749,0,0,FLAGGED,MANUAL_REVIEW
APP-2026-11035,HOUSING,Delhi,North Delhi,2023,0.834,0.208,1,1,VALID,PASS
APP-2026-11036,PENSION,Maharashtra,Pune,2025,0.877,0.254,1,1,VALID,PASS
APP-2026-11037,HOUSING,Maharashtra,Mumbai,2022,0.845,0.098,1,1,VALID,PASS
APP-2026-11038,HEALTHCARE,Uttar Pradesh,Kanpur,2019,0.463,0.739,1,0,EXPIRED,FAIL
APP-2026-11039,BUSINESS_LICENSE,Karnataka,Bengaluru,2021,0.782,0.129,1,1,VALID,PASS
APP-2026-11040,PENSION,Karnataka,Hubballi,2021,0.584,0.973,1,0,FLAGGED,FAIL
APP-2026-11041,BUSINESS_LICENSE,Karnataka,Mysuru,2024,0.759,0.508,1,0,VALID,MANUAL_REVIEW
APP-2026-11042,HEALTHCARE,Karnataka,Mysuru,2026,0.914,0.034,1,1,VALID,PASS
APP-2026-11043,HOUSING,Uttar Pradesh,Varanasi,2018,0.819,0.146,1,1,VALID,PASS
APP-2026-11044,HEALTHCARE,Uttar Pradesh,Lucknow,2026,0.817,0.05,1,1,VALID,PASS
APP-2026-11045,BUSINESS_LICENSE,Karnataka,Hubballi,2024,0.92,0.231,1,1,VALID,PASS
APP-2026-11046,AGRICULTURE,Uttar Pradesh,Lucknow,2021,0.436,0.823,1,1,EXPIRED,FAIL
APP-2026-11047,HEALTHCARE,Karnataka,Mysuru,2018,0.525,0.294,1,1,FLAGGED,MANUAL_REVIEW
APP-2026-11048,HEALTHCARE,Delhi,North Delhi,2025,0.852,0.033,1,1,VALID,PASS
APP-2026-11049,EDUCATION,Delhi,North Delhi,2024,0.965,0.067,1,1,VALID,MANUAL_REVIEW
APP-2026-11050,BUSINESS_LICENSE,Gujarat,Surat,2021,0.817,0.178,1,1,VALID,PASS
APP-2026-11051,EDUCATION,Tamil Nadu,Coimbatore,2023,0.773,0.024,1,1,VALID,PASS
APP-2026-11052,HEALTHCARE,Delhi,North Delhi,2023,0.665,0.443,0,1,FLAGGED,MANUAL_REVIEW
APP-2026-11053,PENSION,Karnataka,Hubballi,2019,0.982,0.25,1,1,VALID,PASS
APP-2026-11054,HEALTHCARE,Gujarat,Surat,2019,0.881,0.109,1,1,VALID,PASS
APP-2026-11055,HEALTHCARE,Uttar Pradesh,Varanasi,2020,0.796,0.163,1,1,VALID,PASS
APP-2026-11056,AGRICULTURE,Delhi,North Delhi,2025,0.533,0.398,1,1,FLAGGED,MANUAL_REVIEW
APP-2026-11057,HEALTHCARE,Uttar Pradesh,Kanpur,2020,0.979,0.036,1,1,VALID,PASS
APP-2026-11058,HEALTHCARE,Gujarat,Surat,2025,0.744,0.542,0,1,FLAGGED,MANUAL_REVIEW
APP-2026-11059,HOUSING,Tamil Nadu,Madurai,2022,0.751,0.169,1,1,VALID,PASS
APP-2026-11060,PENSION,Uttar Pradesh,Kanpur,2026,0.647,0.362,0,1,FLAGGED,MANUAL_REVIEW
APP-2026-11061,HEALTHCARE,Maharashtra,Nagpur,2021,0.904,0.265,1,1,VALID,PASS
APP-2026-11062,HEALTHCARE,Delhi,New Delhi,2021,0.284,0.6,0,0,FLAGGED,FAIL
APP-2026-11063,BUSINESS_LICENSE,Uttar Pradesh,Kanpur,2020,0.897,0.104,1,1,VALID,PASS
APP-2026-11064,PENSION,Delhi,New Delhi,2022,0.983,0.16,1,1,VALID,PASS
APP-2026-11065,AGRICULTURE,Maharashtra,Nagpur,2024,0.303,0.819,0,1,FLAGGED,FAIL
APP-2026-11066,EDUCATION,Karnataka,Hubballi,2024,0.806,0.209,1,1,VALID,PASS
APP-2026-11067,HOUSING,Maharashtra,Pune,2020,0.946,0.066,1,1,VALID,PASS
APP-2026-11068,BUSINESS_LICENSE,Karnataka,Hubballi,2022,0.789,0.066,1,1,VALID,PASS
APP-2026-11069,AGRICULTURE,Karnataka,Bengaluru,2020,0.809,0.256,1,1,VALID,PASS
APP-2026-11070,PENSION,Gujarat,Vadodara,2020,0.726,0.443,1,0,VALID,MANUAL_REVIEW
APP-2026-11071,BUSINESS_LICENSE,Maharashtra,Mumbai,2021,0.575,0.533,1,1,VALID,MANUAL_REVIEW
APP-2026-11072,PENSION,Uttar Pradesh,Varanasi,2023,0.234,0.61,0,0,EXPIRED,FAIL
APP-2026-11073,HOUSING,Karnataka,Bengaluru,2018,0.575,0.427,0,0,FLAGGED,MANUAL_REVIEW
APP-2026-11074,AGRICULTURE,Tamil Nadu,Chennai,2018,0.21,0.734,1,0,EXPIRED,FAIL
APP-2026-11075,BUSINESS_LICENSE,Tamil Nadu,Madurai,2019,0.988,0.078,1,1,VALID,PASS
APP-2026-11076,EDUCATION,Delhi,New Delhi,2023,0.972,0.259,1,1,VALID,PASS
APP-2026-11077,AGRICULTURE,Karnataka,Bengaluru,2024,0.668,0.463,0,1,FLAGGED,MANUAL_REVIEW
APP-2026-11078,EDUCATION,Delhi,New Delhi,2022,0.465,0.951,0,0,EXPIRED,FAIL
APP-2026-11079,HEALTHCARE,Gujarat,Ahmedabad,2023,0.857,0.227,1,1,VALID,PASS
APP-2026-11080,PENSION,Maharashtra,Nagpur,2024,0.311,0.589,0,1,FLAGGED,FAIL
APP-2026-11081,HOUSING,Tamil Nadu,Coimbatore,2024,0.678,0.317,1,1,FLAGGED,MANUAL_REVIEW
APP-2026-11082,HOUSING,Uttar Pradesh,Varanasi,2025,0.73,0.384,1,1,FLAGGED,MANUAL_REVIEW
APP-2026-11083,BUSINESS_LICENSE,Karnataka,Hubballi,2019,0.751,0.278,1,1,VALID,MANUAL_REVIEW
APP-2026-11084,AGRICULTURE,Tamil Nadu,Chennai,2019,0.834,0.241,1,1,VALID,PASS
APP-2026-11085,HEALTHCARE,Delhi,North Delhi,2020,0.421,0.95,0,1,EXPIRED,FAIL
APP-2026-11086,HEALTHCARE,Maharashtra,Nagpur,2020,0.756,0.271,1,1,VALID,PASS
APP-2026-11087,BUSINESS_LICENSE,Maharashtra,Nagpur,2019,0.893,0.061,1,1,VALID,PASS
APP-2026-11088,HEALTHCARE,Maharashtra,Mumbai,2019,0.949,0.128,1,1,VALID,PASS
APP-2026-11089,HOUSING,Gujarat,Ahmedabad,2026,0.584,0.391,0,1,FLAGGED,FAIL
APP-2026-11090,PENSION,Karnataka,Bengaluru,2018,0.549,0.323,1,1,FLAGGED,MANUAL_REVIEW
APP-2026-11091,EDUCATION,Uttar Pradesh,Varanasi,2022,0.619,0.322,1,1,VALID,MANUAL_REVIEW
APP-2026-11092,HOUSING,Uttar Pradesh,Lucknow,2021,0.947,0.274,1,1,VALID,PASS
APP-2026-11093,PENSION,Gujarat,Surat,2025,0.904,0.235,1,1,VALID,PASS
APP-2026-11094,EDUCATION,Gujarat,Surat,2021,0.775,0.114,1,1,VALID,PASS
APP-2026-11095,EDUCATION,Maharashtra,Mumbai,2022,0.776,0.075,1,1,VALID,MANUAL_REVIEW
APP-2026-11096,EDUCATION,Karnataka,Hubballi,2021,0.509,0.353,1,1,FLAGGED,MANUAL_REVIEW
APP-2026-11097,HOUSING,Maharashtra,Mumbai,2023,0.824,0.275,1,1,VALID,PASS
APP-2026-11098,HOUSING,Uttar Pradesh,Lucknow,2023,0.703,0.543,1,0,FLAGGED,MANUAL_REVIEW
APP-2026-11099,AGRICULTURE,Maharashtra,Nagpur,2020,0.941,0.144,1,1,VALID,PASS
APP-2026-11100,PENSION,Delhi,New Delhi,2020,0.522,0.449,1,0,VALID,MANUAL_REVIEW
APP-2026-11101,BUSINESS_LICENSE,Karnataka,Hubballi,2020,0.401,0.977,0,0,FLAGGED,FAIL
APP-2026-11102,HEALTHCARE,Delhi,North Delhi,2023,0.763,0.291,1,1,VALID,MANUAL_REVIEW
APP-2026-11103,AGRICULTURE,Uttar Pradesh,Lucknow,2020,0.778,0.306,0,1,FLAGGED,MANUAL_REVIEW
APP-2026-11104,PENSION,Tamil Nadu,Chennai,2025,0.974,0.062,1,1,VALID,PASS
APP-2026-11105,EDUCATION,Delhi,New Delhi,2019,0.935,0.087,1,1,VALID,PASS
APP-2026-11106,EDUCATION,Tamil Nadu,Madurai,2020,0.589,0.76,0,1,FLAGGED,FAIL
APP-2026-11107,BUSINESS_LICENSE,Karnataka,Mysuru,2023,0.675,0.365,0,1,FLAGGED,MANUAL_REVIEW
APP-2026-11108,BUSINESS_LICENSE,Maharashtra,Nagpur,2018,0.569,0.502,0,1,FLAGGED,MANUAL_REVIEW
APP-2026-11109,AGRICULTURE,Tamil Nadu,Chennai,2021,0.861,0.044,1,1,VALID,PASS
APP-2026-11110,BUSINESS_LICENSE,Uttar Pradesh,Kanpur,2019,0.926,0.259,1,1,VALID,PASS
APP-2026-11111,HOUSING,Karnataka,Mysuru,2023,0.832,0.177,1,1,VALID,PASS
APP-2026-11112,BUSINESS_LICENSE,Tamil Nadu,Chennai,2022,0.881,0.267,1,1,VALID,PASS
APP-2026-11113,HEALTHCARE,Delhi,South Delhi,2018,0.51,0.577,0,0,FLAGGED,FAIL
APP-2026-11114,HEALTHCARE,Maharashtra,Nagpur,2024,0.903,0.042,1,1,VALID,PASS
APP-2026-11115,HOUSING,Maharashtra,Pune,2025,0.41,0.838,1,0,EXPIRED,FAIL
APP-2026-11116,HOUSING,Delhi,North Delhi,2020,0.976,0.145,1,1,VALID,PASS
APP-2026-11117,HEALTHCARE,Gujarat,Surat,2023,0.428,0.904,0,0,EXPIRED,FAIL
APP-2026-11118,BUSINESS_LICENSE,Uttar Pradesh,Varanasi,2020,0.987,0.264,1,1,VALID,PASS
APP-2026-11119,BUSINESS_LICENSE,Gujarat,Surat,2018,0.86,0.058,1,1,VALID,PASS
APP-2026-11120,PENSION,Gujarat,Surat,2022,0.501,0.402,1,0,FLAGGED,MANUAL_REVIEW
APP-2026-11121,AGRICULTURE,Maharashtra,Mumbai,2021,0.553,0.468,1,1,VALID,MANUAL_REVIEW
APP-2026-11122,HEALTHCARE,Gujarat,Vadodara,2018,0.837,0.099,1,1,VALID,PASS
APP-2026-11123,PENSION,Gujarat,Surat,2025,0.834,0.235,1,1,VALID,PASS
APP-2026-11124,EDUCATION,Maharashtra,Mumbai,2025,0.792,0.175,1,1,VALID,PASS
APP-2026-11125,HOUSING,Delhi,South Delhi,2024,0.697,0.533,1,0,VALID,MANUAL_REVIEW
APP-2026-11126,PENSION,Maharashtra,Nagpur,2018,0.615,0.414,1,1,VALID,MANUAL_REVIEW
APP-2026-11127,AGRICULTURE,Uttar Pradesh,Lucknow,2022,0.285,0.884,0,1,FLAGGED,FAIL
APP-2026-11128,EDUCATION,Tamil Nadu,Coimbatore,2024,0.84,0.078,1,1,VALID,PASS
APP-2026-11129,BUSINESS_LICENSE,Delhi,North Delhi,2024,0.501,0.525,0,0,FLAGGED,MANUAL_REVIEW
APP-2026-11130,AGRICULTURE,Gujarat,Vadodara,2023,0.98,0.278,1,1,VALID,PASS
APP-2026-11131,HOUSING,Karnataka,Hubballi,2024,0.521,0.798,1,0,EXPIRED,FAIL
APP-2026-11132,EDUCATION,Uttar Pradesh,Lucknow,2024,0.92,0.053,1,1,VALID,PASS
APP-2026-11133,AGRICULTURE,Tamil Nadu,Madurai,2022,0.264,0.689,1,1,EXPIRED,FAIL
APP-2026-11134,AGRICULTURE,Karnataka,Bengaluru,2026,0.232,0.714,0,1,FLAGGED,FAIL
APP-2026-11135,EDUCATION,Karnataka,Bengaluru,2021,0.879,0.084,1,1,VALID,PASS
APP-2026-11136,HOUSING,Delhi,South Delhi,2018,0.974,0.183,1,1,VALID,PASS
APP-2026-11137,AGRICULTURE,Maharashtra,Mumbai,2025,0.249,0.611,1,1,EXPIRED,FAIL
APP-2026-11138,EDUCATION,Karnataka,Mysuru,2019,0.755,0.039,1,1,VALID,PASS
APP-2026-11139,PENSION,Karnataka,Hubballi,2024,0.825,0.256,1,1,VALID,PASS
APP-2026-11140,HEALTHCARE,Delhi,New Delhi,2020,0.677,0.511,0,1,FLAGGED,MANUAL_REVIEW
APP-2026-11141,AGRICULTURE,Uttar Pradesh,Varanasi,2018,0.928,0.261,1,1,VALID,PASS
APP-2026-11142,PENSION,Uttar Pradesh,Lucknow,2026,0.543,0.514,0,0,FLAGGED,MANUAL_REVIEW
APP-2026-11143,PENSION,Gujarat,Vadodara,2020,0.866,0.268,1,1,VALID,PASS
APP-2026-11144,AGRICULTURE,Gujarat,Surat,2025,0.639,0.418,1,0,VALID,MANUAL_REVIEW
APP-2026-11145,BUSINESS_LICENSE,Delhi,North Delhi,2019,0.715,0.364,1,1,FLAGGED,MANUAL_REVIEW
APP-2026-11146,HOUSING,Tamil Nadu,Madurai,2022,0.449,0.811,0,0,FLAGGED,FAIL
APP-2026-11147,PENSION,Tamil Nadu,Chennai,2018,0.301,0.726,0,0,EXPIRED,FAIL
APP-2026-11148,PENSION,Maharashtra,Mumbai,2023,0.795,0.084,1,1,VALID,PASS
APP-2026-11149,EDUCATION,Delhi,New Delhi,2023,0.826,0.023,1,1,VALID,PASS
APP-2026-11150,HOUSING,Uttar Pradesh,Kanpur,2021,0.608,0.442,1,0,FLAGGED,MANUAL_REVIEW
APP-2026-11151,BUSINESS_LICENSE,Maharashtra,Nagpur,2024,0.622,0.5,0,0,FLAGGED,MANUAL_REVIEW
APP-2026-11152,EDUCATION,Tamil Nadu,Chennai,2019,0.894,0.174,1,1,VALID,PASS
APP-2026-11153,PENSION,Delhi,New Delhi,2018,0.314,0.912,0,0,EXPIRED,FAIL
APP-2026-11154,BUSINESS_LICENSE,Maharashtra,Mumbai,2025,0.943,0.208,1,1,VALID,PASS
APP-2026-11155,EDUCATION,Tamil Nadu,Chennai,2026,0.638,0.293,0,1,FLAGGED,MANUAL_REVIEW
APP-2026-11156,PENSION,Delhi,South Delhi,2019,0.761,0.023,1,1,VALID,PASS
APP-2026-11157,EDUCATION,Gujarat,Vadodara,2024,0.771,0.208,1,1,VALID,PASS
APP-2026-11158,AGRICULTURE,Maharashtra,Nagpur,2018,0.938,0.049,1,1,VALID,PASS
APP-2026-11159,PENSION,Delhi,North Delhi,2024,0.791,0.056,1,1,VALID,PASS
APP-2026-11160,HEALTHCARE,Delhi,New Delhi,2024,0.687,0.421,0,1,FLAGGED,MANUAL_REVIEW
APP-2026-11161,EDUCATION,Gujarat,Surat,2021,0.934,0.205,1,1,VALID,PASS
APP-2026-11162,HEALTHCARE,Gujarat,Vadodara,2021,0.521,0.414,0,1,FLAGGED,MANUAL_REVIEW
APP-2026-11163,HEALTHCARE,Tamil Nadu,Chennai,2023,0.892,0.157,1,1,VALID,PASS
APP-2026-11164,EDUCATION,Gujarat,Surat,2020,0.242,0.606,0,1,FLAGGED,FAIL
APP-2026-11165,AGRICULTURE,Karnataka,Mysuru,2021,0.852,0.198,1,1,VALID,PASS
APP-2026-11166,AGRICULTURE,Gujarat,Ahmedabad,2020,0.776,0.049,1,1,VALID,MANUAL_REVIEW
APP-2026-11167,HOUSING,Karnataka,Mysuru,2018,0.877,0.112,1,1,VALID,PASS
APP-2026-11168,AGRICULTURE,Maharashtra,Pune,2024,0.845,0.132,1,1,VALID,PASS
APP-2026-11169,HOUSING,Delhi,North Delhi,2019,0.842,0.261,1,1,VALID,PASS
APP-2026-11170,HEALTHCARE,Tamil Nadu,Chennai,2022,0.638,0.397,1,1,VALID,MANUAL_REVIEW
APP-2026-11171,PENSION,Maharashtra,Nagpur,2022,0.878,0.092,1,1,VALID,PASS
APP-2026-11172,BUSINESS_LICENSE,Gujarat,Surat,2024,0.803,0.234,1,1,VALID,PASS
APP-2026-11173,HOUSING,Karnataka,Bengaluru,2021,0.819,0.175,1,1,VALID,PASS
APP-2026-11174,PENSION,Karnataka,Hubballi,2025,0.739,0.466,0,1,VALID,MANUAL_REVIEW
APP-2026-11175,HOUSING,Karnataka,Bengaluru,2025,0.755,0.273,1,1,VALID,PASS
APP-2026-11176,HEALTHCARE,Gujarat,Ahmedabad,2023,0.433,0.76,1,1,EXPIRED,FAIL
APP-2026-11177,EDUCATION,Karnataka,Hubballi,2026,0.785,0.044,1,1,VALID,PASS
APP-2026-11178,BUSINESS_LICENSE,Delhi,North Delhi,2025,0.777,0.349,1,1,VALID,MANUAL_REVIEW
APP-2026-11179,EDUCATION,Gujarat,Surat,2026,0.74,0.524,1,0,FLAGGED,MANUAL_REVIEW
APP-2026-11180,BUSINESS_LICENSE,Maharashtra,Mumbai,2024,0.464,0.611,0,1,EXPIRED,FAIL
APP-2026-11181,HOUSING,Delhi,New Delhi,2019,0.979,0.186,1,1,VALID,PASS
APP-2026-11182,BUSINESS_LICENSE,Gujarat,Vadodara,2025,0.55,0.625,0,1,FLAGGED,FAIL
APP-2026-11183,HOUSING,Delhi,North Delhi,2021,0.875,0.109,1,1,VALID,PASS
APP-2026-11184,HOUSING,Tamil Nadu,Madurai,2023,0.983,0.15,1,1,VALID,PASS
APP-2026-11185,HOUSING,Gujarat,Ahmedabad,2026,0.45,0.836,0,1,FLAGGED,MANUAL_REVIEW
APP-2026-11186,PENSION,Karnataka,Mysuru,2019,0.823,0.132,1,1,VALID,PASS
APP-2026-11187,PENSION,Maharashtra,Pune,2020,0.818,0.243,1,1,VALID,PASS
APP-2026-11188,AGRICULTURE,Karnataka,Bengaluru,2022,0.926,0.132,1,1,VALID,PASS
APP-2026-11189,EDUCATION,Karnataka,Bengaluru,2025,0.299,0.842,0,1,EXPIRED,FAIL
APP-2026-11190,EDUCATION,Uttar Pradesh,Kanpur,2020,0.69,0.367,1,1,VALID,MANUAL_REVIEW
APP-2026-11191,HOUSING,Uttar Pradesh,Lucknow,2022,0.821,0.261,1,1,VALID,PASS
APP-2026-11192,HEALTHCARE,Tamil Nadu,Coimbatore,2019,0.856,0.101,1,1,VALID,PASS
APP-2026-11193,BUSINESS_LICENSE,Delhi,North Delhi,2023,0.851,0.127,1,1,VALID,MANUAL_REVIEW
APP-2026-11194,AGRICULTURE,Maharashtra,Pune,2019,0.672,0.362,0,1,VALID,MANUAL_REVIEW
APP-2026-11195,AGRICULTURE,Delhi,New Delhi,2024,0.911,0.14,1,1,VALID,PASS
APP-2026-11196,AGRICULTURE,Tamil Nadu,Chennai,2019,0.949,0.189,1,1,VALID,PASS
APP-2026-11197,PENSION,Delhi,South Delhi,2025,0.742,0.313,1,1,FLAGGED,MANUAL_REVIEW
APP-2026-11198,HEALTHCARE,Uttar Pradesh,Lucknow,2026,0.639,0.34,1,1,FLAGGED,MANUAL_REVIEW
APP-2026-11199,BUSINESS_LICENSE,Maharashtra,Pune,2021,0.75,0.177,1,1,VALID,PASS
APP-2026-11200,PENSION,Karnataka,Bengaluru,2019,0.95,0.135,1,1,VALID,PASS
